228,common_voice_en_21916488.wav
239,common_voice_en_22069568.wav
269,common_voice_en_21973802.wav
281,common_voice_en_22069759.wav
313,common_voice_en_22063627.wav
315,common_voice_en_21962862.wav
315,common_voice_en_22140428.wav
326,common_voice_en_22023823.wav
331,common_voice_en_22197007.wav
352,common_voice_en_22069935.wav
356,common_voice_en_22107939.wav
357,common_voice_en_22230114.wav
359,common_voice_en_22262660.wav
360,common_voice_en_21951053.wav
362,common_voice_en_21955722.wav
364,common_voice_en_22220874.wav
367,common_voice_en_21906605.wav
369,common_voice_en_21949390.wav
372,common_voice_en_22171852.wav
375,common_voice_en_22011140.wav
375,common_voice_en_22158637.wav
375,common_voice_en_22211760.wav
379,common_voice_en_22071707.wav
379,common_voice_en_22141740.wav
380,common_voice_en_21963588.wav
380,common_voice_en_22010058.wav
382,common_voice_en_22167388.wav
387,common_voice_en_22286624.wav
390,common_voice_en_22195968.wav
396,common_voice_en_22212104.wav
398,common_voice_en_22013360.wav
399,common_voice_en_22127748.wav
401,common_voice_en_22208914.wav
403,common_voice_en_21947241.wav
403,common_voice_en_22185088.wav
404,common_voice_en_21941810.wav
407,common_voice_en_22071614.wav
407,common_voice_en_22177856.wav
410,common_voice_en_22017370.wav
411,common_voice_en_21950042.wav
415,common_voice_en_22035488.wav
418,common_voice_en_21920952.wav
420,common_voice_en_22155080.wav
421,common_voice_en_21972353.wav
423,common_voice_en_21962770.wav
425,common_voice_en_22123213.wav
426,common_voice_en_21908007.wav
426,common_voice_en_22127934.wav
427,common_voice_en_22199794.wav
428,common_voice_en_22175793.wav
429,common_voice_en_21960658.wav
430,common_voice_en_21961881.wav
430,common_voice_en_22184262.wav
431,common_voice_en_22006728.wav
432,common_voice_en_22120435.wav
433,common_voice_en_22058114.wav
433,common_voice_en_22163856.wav
435,common_voice_en_22123448.wav
435,common_voice_en_22187630.wav
436,common_voice_en_22043055.wav
437,common_voice_en_22247817.wav
439,common_voice_en_22111367.wav
440,common_voice_en_21916098.wav
442,common_voice_en_22211725.wav
444,common_voice_en_21993864.wav
444,common_voice_en_22082033.wav
444,common_voice_en_22221617.wav
446,common_voice_en_22034241.wav
446,common_voice_en_22146393.wav
448,common_voice_en_21985064.wav
448,common_voice_en_22064400.wav
448,common_voice_en_22159999.wav
449,common_voice_en_22001078.wav
449,common_voice_en_22111896.wav
450,common_voice_en_22032326.wav
451,common_voice_en_21991329.wav
451,common_voice_en_22014930.wav
455,common_voice_en_22012704.wav
457,common_voice_en_22216975.wav
459,common_voice_en_22230007.wav
460,common_voice_en_21976177.wav
462,common_voice_en_22163659.wav
462,common_voice_en_22166881.wav
463,common_voice_en_21963350.wav
463,common_voice_en_22107051.wav
464,common_voice_en_22113542.wav
465,common_voice_en_22222630.wav
466,common_voice_en_22046750.wav
469,common_voice_en_22002567.wav
469,common_voice_en_22165463.wav
470,common_voice_en_22016311.wav
471,common_voice_en_21946036.wav
472,common_voice_en_22016158.wav
473,common_voice_en_22034076.wav
473,common_voice_en_22178701.wav
475,common_voice_en_22178978.wav
476,common_voice_en_22062801.wav
476,common_voice_en_22210579.wav
478,common_voice_en_22153419.wav
481,common_voice_en_21975202.wav
481,common_voice_en_22004250.wav
481,common_voice_en_22214558.wav
481,common_voice_en_22217189.wav
483,common_voice_en_21976731.wav
483,common_voice_en_22233289.wav
484,common_voice_en_22173390.wav
484,common_voice_en_22214812.wav
484,common_voice_en_22243418.wav
485,common_voice_en_22122573.wav
485,common_voice_en_22172847.wav
486,common_voice_en_21932646.wav
486,common_voice_en_22188011.wav
487,common_voice_en_21926101.wav
488,common_voice_en_21941832.wav
488,common_voice_en_22108402.wav
488,common_voice_en_22235489.wav
488,common_voice_en_22253219.wav
489,common_voice_en_22064486.wav
490,common_voice_en_21913805.wav
490,common_voice_en_22028679.wav
490,common_voice_en_22103431.wav
491,common_voice_en_22242716.wav
493,common_voice_en_21942499.wav
493,common_voice_en_21951379.wav
493,common_voice_en_22148666.wav
496,common_voice_en_22171309.wav
500,common_voice_en_22207175.wav
503,common_voice_en_21974033.wav
503,common_voice_en_22146276.wav
507,common_voice_en_21929254.wav
507,common_voice_en_22072844.wav
508,common_voice_en_22183644.wav
510,common_voice_en_21916645.wav
510,common_voice_en_22244444.wav
512,common_voice_en_22152962.wav
514,common_voice_en_21982501.wav
514,common_voice_en_22238934.wav
515,common_voice_en_22010226.wav
515,common_voice_en_22072224.wav
517,common_voice_en_22185837.wav
519,common_voice_en_21954578.wav
520,common_voice_en_21988396.wav
520,common_voice_en_22165614.wav
520,common_voice_en_22215363.wav
521,common_voice_en_21901023.wav
522,common_voice_en_21894655.wav
522,common_voice_en_21946834.wav
522,common_voice_en_22070055.wav
523,common_voice_en_21950959.wav
523,common_voice_en_22200553.wav
524,common_voice_en_22051259.wav
525,common_voice_en_22136040.wav
525,common_voice_en_22183862.wav
525,common_voice_en_22269672.wav
526,common_voice_en_22082699.wav
526,common_voice_en_22136852.wav
527,common_voice_en_22049712.wav
528,common_voice_en_22003230.wav
528,common_voice_en_22100501.wav
529,common_voice_en_22183107.wav
529,common_voice_en_22221120.wav
531,common_voice_en_22202685.wav
532,common_voice_en_21980392.wav
532,common_voice_en_22184682.wav
532,common_voice_en_22215679.wav
533,common_voice_en_22218100.wav
534,common_voice_en_21961874.wav
535,common_voice_en_22033655.wav
535,common_voice_en_22194365.wav
535,common_voice_en_22210466.wav
535,common_voice_en_22221757.wav
536,common_voice_en_21987881.wav
537,common_voice_en_22076678.wav
537,common_voice_en_22121022.wav
537,common_voice_en_22158944.wav
537,common_voice_en_22183962.wav
537,common_voice_en_22292526.wav
539,common_voice_en_22189102.wav
540,common_voice_en_21990948.wav
540,common_voice_en_22236894.wav
541,common_voice_en_21941913.wav
541,common_voice_en_21969270.wav
541,common_voice_en_22073235.wav
542,common_voice_en_21983932.wav
542,common_voice_en_22159754.wav
542,common_voice_en_22290691.wav
544,common_voice_en_21995742.wav
545,common_voice_en_22070136.wav
545,common_voice_en_22178586.wav
547,common_voice_en_21957806.wav
548,common_voice_en_21991546.wav
548,common_voice_en_22145633.wav
549,common_voice_en_22180393.wav
550,common_voice_en_21921320.wav
550,common_voice_en_21934500.wav
550,common_voice_en_22131085.wav
550,common_voice_en_22148142.wav
552,common_voice_en_22194171.wav
553,common_voice_en_21964139.wav
553,common_voice_en_22072421.wav
553,common_voice_en_22157887.wav
553,common_voice_en_22234598.wav
556,common_voice_en_21959932.wav
556,common_voice_en_22144931.wav
557,common_voice_en_22047831.wav
558,common_voice_en_21924451.wav
558,common_voice_en_22011034.wav
559,common_voice_en_21912458.wav
559,common_voice_en_21945278.wav
559,common_voice_en_21960189.wav
559,common_voice_en_21965863.wav
559,common_voice_en_22111591.wav
559,common_voice_en_22210590.wav
560,common_voice_en_21959822.wav
561,common_voice_en_21950357.wav
561,common_voice_en_22184575.wav
562,common_voice_en_22187227.wav
563,common_voice_en_21943523.wav
563,common_voice_en_22042647.wav
564,common_voice_en_21920941.wav
565,common_voice_en_22226122.wav
566,common_voice_en_21901890.wav
567,common_voice_en_22157854.wav
567,common_voice_en_22233632.wav
568,common_voice_en_21946758.wav
568,common_voice_en_21950411.wav
569,common_voice_en_22003296.wav
569,common_voice_en_22017422.wav
570,common_voice_en_22204186.wav
570,common_voice_en_22212968.wav
572,common_voice_en_21912505.wav
572,common_voice_en_21927689.wav
572,common_voice_en_21936067.wav
572,common_voice_en_22006900.wav
572,common_voice_en_22178930.wav
573,common_voice_en_21923933.wav
573,common_voice_en_22043670.wav
574,common_voice_en_21921271.wav
574,common_voice_en_21947507.wav
574,common_voice_en_22148639.wav
575,common_voice_en_21956488.wav
575,common_voice_en_21978845.wav
575,common_voice_en_22010576.wav
575,common_voice_en_22193111.wav
575,common_voice_en_22212095.wav
576,common_voice_en_22174337.wav
577,common_voice_en_21997035.wav
578,common_voice_en_22056852.wav
578,common_voice_en_22147856.wav
580,common_voice_en_21968993.wav
580,common_voice_en_22018959.wav
581,common_voice_en_22006690.wav
581,common_voice_en_22028227.wav
582,common_voice_en_22289922.wav
583,common_voice_en_21988415.wav
583,common_voice_en_22164265.wav
584,common_voice_en_21918643.wav
584,common_voice_en_22059083.wav
584,common_voice_en_22109423.wav
586,common_voice_en_22085977.wav
587,common_voice_en_21993987.wav
587,common_voice_en_22025193.wav
587,common_voice_en_22127495.wav
588,common_voice_en_22037146.wav
589,common_voice_en_22235727.wav
590,common_voice_en_22054220.wav
590,common_voice_en_22209379.wav
592,common_voice_en_22096361.wav
593,common_voice_en_22155905.wav
593,common_voice_en_22219227.wav
595,common_voice_en_22123132.wav
595,common_voice_en_22215810.wav
595,common_voice_en_22261067.wav
596,common_voice_en_22051644.wav
596,common_voice_en_22153821.wav
598,common_voice_en_21940350.wav
598,common_voice_en_22175646.wav
598,common_voice_en_22198594.wav
600,common_voice_en_22216391.wav
600,common_voice_en_22239941.wav
601,common_voice_en_21934849.wav
603,common_voice_en_21909510.wav
603,common_voice_en_22142109.wav
604,common_voice_en_22213836.wav
605,common_voice_en_22282485.wav
606,common_voice_en_22171441.wav
607,common_voice_en_22075392.wav
608,common_voice_en_22031838.wav
608,common_voice_en_22176609.wav
609,common_voice_en_21940711.wav
609,common_voice_en_22219376.wav
612,common_voice_en_22076385.wav
612,common_voice_en_22096843.wav
612,common_voice_en_22186272.wav
612,common_voice_en_22268425.wav
613,common_voice_en_21932332.wav
616,common_voice_en_22287423.wav
617,common_voice_en_22018227.wav
617,common_voice_en_22176780.wav
618,common_voice_en_22080618.wav
618,common_voice_en_22264251.wav
619,common_voice_en_22128083.wav
619,common_voice_en_22131062.wav
620,common_voice_en_22018686.wav
621,common_voice_en_22020522.wav
621,common_voice_en_22088183.wav
621,common_voice_en_22189048.wav
621,common_voice_en_22229771.wav
622,common_voice_en_22123479.wav
622,common_voice_en_22237904.wav
623,common_voice_en_22033827.wav
624,common_voice_en_21922506.wav
626,common_voice_en_22056062.wav
627,common_voice_en_22096684.wav
627,common_voice_en_22162790.wav
628,common_voice_en_22053729.wav
629,common_voice_en_21901883.wav
629,common_voice_en_21914631.wav
629,common_voice_en_21916867.wav
630,common_voice_en_21925993.wav
630,common_voice_en_22053955.wav
630,common_voice_en_22095929.wav
630,common_voice_en_22202556.wav
630,common_voice_en_22233416.wav
632,common_voice_en_22022211.wav
633,common_voice_en_21895920.wav
633,common_voice_en_22087431.wav
634,common_voice_en_21969205.wav
634,common_voice_en_22082256.wav
634,common_voice_en_22202321.wav
635,common_voice_en_22137416.wav
636,common_voice_en_21960131.wav
636,common_voice_en_22053671.wav
636,common_voice_en_22122502.wav
636,common_voice_en_22154031.wav
636,common_voice_en_22186073.wav
637,common_voice_en_22174451.wav
637,common_voice_en_22219179.wav
638,common_voice_en_21975909.wav
638,common_voice_en_22038626.wav
638,common_voice_en_22081152.wav
639,common_voice_en_22236885.wav
640,common_voice_en_22213218.wav
640,common_voice_en_22254003.wav
641,common_voice_en_22071135.wav
641,common_voice_en_22193825.wav
642,common_voice_en_22196429.wav
643,common_voice_en_22097210.wav
644,common_voice_en_22134172.wav
644,common_voice_en_22160840.wav
645,common_voice_en_21913510.wav
645,common_voice_en_22115470.wav
645,common_voice_en_22232720.wav
645,common_voice_en_22232893.wav
646,common_voice_en_22121727.wav
647,common_voice_en_22006971.wav
648,common_voice_en_21897048.wav
648,common_voice_en_22110803.wav
649,common_voice_en_21999303.wav
649,common_voice_en_22036755.wav
649,common_voice_en_22188616.wav
650,common_voice_en_22013388.wav
651,common_voice_en_21953859.wav
651,common_voice_en_22015584.wav
651,common_voice_en_22221432.wav
652,common_voice_en_21940966.wav
652,common_voice_en_21987298.wav
653,common_voice_en_21994290.wav
654,common_voice_en_22215605.wav
655,common_voice_en_22035571.wav
655,common_voice_en_22103461.wav
656,common_voice_en_22152222.wav
657,common_voice_en_22035782.wav
657,common_voice_en_22167589.wav
657,common_voice_en_22198234.wav
658,common_voice_en_22002243.wav
658,common_voice_en_22133322.wav
658,common_voice_en_22177398.wav
658,common_voice_en_22229017.wav
659,common_voice_en_22053394.wav
659,common_voice_en_22178685.wav
660,common_voice_en_22059419.wav
661,common_voice_en_21955615.wav
661,common_voice_en_21966532.wav
661,common_voice_en_21993250.wav
661,common_voice_en_21998666.wav
661,common_voice_en_22146444.wav
661,common_voice_en_22224395.wav
662,common_voice_en_22042204.wav
663,common_voice_en_22073622.wav
664,common_voice_en_22262617.wav
665,common_voice_en_22049142.wav
667,common_voice_en_22226700.wav
667,common_voice_en_22261354.wav
668,common_voice_en_21953574.wav
668,common_voice_en_22144885.wav
669,common_voice_en_22261441.wav
670,common_voice_en_21984544.wav
670,common_voice_en_22083244.wav
670,common_voice_en_22123900.wav
670,common_voice_en_22176112.wav
670,common_voice_en_22283198.wav
671,common_voice_en_21950097.wav
671,common_voice_en_22164677.wav
672,common_voice_en_21894497.wav
673,common_voice_en_22183114.wav
674,common_voice_en_21906138.wav
674,common_voice_en_22115882.wav
674,common_voice_en_22205290.wav
674,common_voice_en_22278833.wav
675,common_voice_en_22136573.wav
675,common_voice_en_22190906.wav
675,common_voice_en_22202560.wav
677,common_voice_en_22017888.wav
677,common_voice_en_22151706.wav
677,common_voice_en_22212393.wav
677,common_voice_en_22234400.wav
678,common_voice_en_21957510.wav
678,common_voice_en_22032367.wav
678,common_voice_en_22143054.wav
678,common_voice_en_22176894.wav
678,common_voice_en_22253382.wav
679,common_voice_en_21962726.wav
679,common_voice_en_22139496.wav
680,common_voice_en_22071983.wav
680,common_voice_en_22086361.wav
680,common_voice_en_22147431.wav
680,common_voice_en_22166747.wav
681,common_voice_en_21915552.wav
681,common_voice_en_22034885.wav
681,common_voice_en_22070153.wav
681,common_voice_en_22199112.wav
682,common_voice_en_22150016.wav
682,common_voice_en_22216325.wav
683,common_voice_en_21976948.wav
683,common_voice_en_22018623.wav
683,common_voice_en_22173357.wav
684,common_voice_en_21940324.wav
684,common_voice_en_22053767.wav
685,common_voice_en_22233747.wav
686,common_voice_en_22113810.wav
687,common_voice_en_21994809.wav
687,common_voice_en_22018283.wav
687,common_voice_en_22106768.wav
687,common_voice_en_22179668.wav
688,common_voice_en_21952455.wav
689,common_voice_en_21915526.wav
689,common_voice_en_21925908.wav
689,common_voice_en_21962017.wav
689,common_voice_en_22070073.wav
691,common_voice_en_21974836.wav
691,common_voice_en_22262447.wav
692,common_voice_en_21984437.wav
692,common_voice_en_22140132.wav
693,common_voice_en_21920931.wav
693,common_voice_en_22103593.wav
693,common_voice_en_22184441.wav
694,common_voice_en_21962934.wav
694,common_voice_en_22116611.wav
694,common_voice_en_22262424.wav
694,common_voice_en_22277422.wav
695,common_voice_en_21908082.wav
695,common_voice_en_21946303.wav
695,common_voice_en_22021685.wav
695,common_voice_en_22116817.wav
695,common_voice_en_22117314.wav
695,common_voice_en_22146907.wav
696,common_voice_en_21939661.wav
696,common_voice_en_22119967.wav
697,common_voice_en_21998162.wav
697,common_voice_en_22038847.wav
697,common_voice_en_22117740.wav
697,common_voice_en_22227897.wav
698,common_voice_en_22134983.wav
698,common_voice_en_22153414.wav
700,common_voice_en_22287628.wav
704,common_voice_en_21940816.wav
704,common_voice_en_21971878.wav
704,common_voice_en_22267768.wav
707,common_voice_en_22025048.wav
707,common_voice_en_22232730.wav
708,common_voice_en_22044521.wav
708,common_voice_en_22102033.wav
708,common_voice_en_22107295.wav
709,common_voice_en_22151283.wav
709,common_voice_en_22240476.wav
710,common_voice_en_22073320.wav
710,common_voice_en_22118165.wav
713,common_voice_en_22011017.wav
714,common_voice_en_21924518.wav
714,common_voice_en_22007500.wav
714,common_voice_en_22070665.wav
714,common_voice_en_22104828.wav
714,common_voice_en_22110841.wav
715,common_voice_en_22011860.wav
715,common_voice_en_22218348.wav
716,common_voice_en_21981928.wav
716,common_voice_en_22196864.wav
717,common_voice_en_21982862.wav
717,common_voice_en_22193068.wav
717,common_voice_en_22230166.wav
717,common_voice_en_22261693.wav
718,common_voice_en_22136068.wav
718,common_voice_en_22190106.wav
718,common_voice_en_22211102.wav
719,common_voice_en_22134065.wav
720,common_voice_en_21996839.wav
721,common_voice_en_22112929.wav
721,common_voice_en_22188241.wav
721,common_voice_en_22219499.wav
722,common_voice_en_21984151.wav
722,common_voice_en_22079359.wav
723,common_voice_en_21963387.wav
723,common_voice_en_22114881.wav
723,common_voice_en_22222905.wav
724,common_voice_en_21918785.wav
724,common_voice_en_22104238.wav
724,common_voice_en_22185045.wav
724,common_voice_en_22249232.wav
724,common_voice_en_22258777.wav
725,common_voice_en_21947654.wav
725,common_voice_en_22137159.wav
726,common_voice_en_21971505.wav
726,common_voice_en_22074192.wav
726,common_voice_en_22186354.wav
726,common_voice_en_22289466.wav
727,common_voice_en_22007189.wav
727,common_voice_en_22094569.wav
728,common_voice_en_21945130.wav
728,common_voice_en_22091445.wav
728,common_voice_en_22262776.wav
729,common_voice_en_22062423.wav
729,common_voice_en_22075664.wav
730,common_voice_en_21975209.wav
731,common_voice_en_21937590.wav
731,common_voice_en_22165403.wav
732,common_voice_en_21937527.wav
732,common_voice_en_21988316.wav
732,common_voice_en_22031523.wav
733,common_voice_en_22055756.wav
734,common_voice_en_22045904.wav
734,common_voice_en_22054050.wav
734,common_voice_en_22097312.wav
734,common_voice_en_22103381.wav
734,common_voice_en_22179109.wav
735,common_voice_en_22025961.wav
735,common_voice_en_22146847.wav
736,common_voice_en_22058155.wav
736,common_voice_en_22221693.wav
736,common_voice_en_22230214.wav
736,common_voice_en_22234290.wav
736,common_voice_en_22238082.wav
737,common_voice_en_22001704.wav
737,common_voice_en_22072686.wav
737,common_voice_en_22129825.wav
737,common_voice_en_22168657.wav
738,common_voice_en_22010932.wav
739,common_voice_en_21933597.wav
739,common_voice_en_21953741.wav
739,common_voice_en_22013924.wav
739,common_voice_en_22163693.wav
740,common_voice_en_22072526.wav
740,common_voice_en_22105287.wav
741,common_voice_en_22131203.wav
741,common_voice_en_22269919.wav
742,common_voice_en_22122311.wav
743,common_voice_en_21908103.wav
743,common_voice_en_22161881.wav
744,common_voice_en_21907671.wav
744,common_voice_en_21953546.wav
745,common_voice_en_22045849.wav
746,common_voice_en_22054306.wav
746,common_voice_en_22060276.wav
746,common_voice_en_22236784.wav
747,common_voice_en_21964057.wav
747,common_voice_en_21989952.wav
747,common_voice_en_22071264.wav
747,common_voice_en_22079779.wav
748,common_voice_en_22170938.wav
749,common_voice_en_21998125.wav
749,common_voice_en_22011748.wav
750,common_voice_en_21967173.wav
750,common_voice_en_22233384.wav
751,common_voice_en_22226737.wav
752,common_voice_en_21922876.wav
752,common_voice_en_22040328.wav
752,common_voice_en_22059405.wav
753,common_voice_en_22103447.wav
753,common_voice_en_22117094.wav
753,common_voice_en_22164967.wav
753,common_voice_en_22266582.wav
754,common_voice_en_22095241.wav
755,common_voice_en_21946435.wav
755,common_voice_en_21976366.wav
755,common_voice_en_22193410.wav
755,common_voice_en_22253427.wav
756,common_voice_en_21920796.wav
756,common_voice_en_21930766.wav
756,common_voice_en_22092891.wav
757,common_voice_en_21897903.wav
757,common_voice_en_22064998.wav
758,common_voice_en_22070749.wav
758,common_voice_en_22094928.wav
759,common_voice_en_21949983.wav
759,common_voice_en_22005660.wav
759,common_voice_en_22207541.wav
760,common_voice_en_22074647.wav
761,common_voice_en_21959582.wav
761,common_voice_en_22020674.wav
761,common_voice_en_22184826.wav
761,common_voice_en_22215984.wav
762,common_voice_en_21917462.wav
762,common_voice_en_22095128.wav
762,common_voice_en_22181971.wav
762,common_voice_en_22192634.wav
762,common_voice_en_22222410.wav
762,common_voice_en_22280514.wav
763,common_voice_en_22003321.wav
764,common_voice_en_21955202.wav
764,common_voice_en_22036999.wav
764,common_voice_en_22114688.wav
765,common_voice_en_21952121.wav
765,common_voice_en_22183938.wav
766,common_voice_en_21944144.wav
766,common_voice_en_22005155.wav
766,common_voice_en_22077528.wav
767,common_voice_en_22062232.wav
767,common_voice_en_22148095.wav
767,common_voice_en_22187146.wav
767,common_voice_en_22275330.wav
768,common_voice_en_21907815.wav
768,common_voice_en_21929826.wav
768,common_voice_en_21974925.wav
769,common_voice_en_21994789.wav
769,common_voice_en_22095434.wav
769,common_voice_en_22201840.wav
769,common_voice_en_22236753.wav
770,common_voice_en_21959827.wav
770,common_voice_en_21968439.wav
770,common_voice_en_21972684.wav
771,common_voice_en_22117484.wav
771,common_voice_en_22192252.wav
773,common_voice_en_21959009.wav
773,common_voice_en_22121148.wav
774,common_voice_en_21974815.wav
774,common_voice_en_22253297.wav
775,common_voice_en_22052030.wav
775,common_voice_en_22054880.wav
775,common_voice_en_22181923.wav
775,common_voice_en_22285918.wav
776,common_voice_en_21920149.wav
776,common_voice_en_22065714.wav
776,common_voice_en_22200413.wav
778,common_voice_en_22224894.wav
779,common_voice_en_21928192.wav
779,common_voice_en_22048582.wav
779,common_voice_en_22251558.wav
781,common_voice_en_22105850.wav
782,common_voice_en_21971762.wav
782,common_voice_en_22046460.wav
782,common_voice_en_22134475.wav
782,common_voice_en_22135129.wav
783,common_voice_en_21973352.wav
785,common_voice_en_22081077.wav
785,common_voice_en_22167480.wav
786,common_voice_en_22085884.wav
786,common_voice_en_22128130.wav
786,common_voice_en_22206460.wav
787,common_voice_en_21940485.wav
787,common_voice_en_21942283.wav
787,common_voice_en_22054318.wav
787,common_voice_en_22232365.wav
788,common_voice_en_22069325.wav
788,common_voice_en_22114946.wav
788,common_voice_en_22147666.wav
789,common_voice_en_21982094.wav
789,common_voice_en_22071432.wav
789,common_voice_en_22071538.wav
789,common_voice_en_22139242.wav
789,common_voice_en_22229150.wav
790,common_voice_en_22121609.wav
790,common_voice_en_22201288.wav
791,common_voice_en_21993468.wav
791,common_voice_en_22019732.wav
791,common_voice_en_22194885.wav
792,common_voice_en_22110905.wav
793,common_voice_en_22174694.wav
794,common_voice_en_21901357.wav
794,common_voice_en_21920320.wav
794,common_voice_en_22025815.wav
795,common_voice_en_21921026.wav
795,common_voice_en_22064914.wav
795,common_voice_en_22097499.wav
796,common_voice_en_22121051.wav
796,common_voice_en_22146795.wav
797,common_voice_en_21981606.wav
797,common_voice_en_21989315.wav
798,common_voice_en_21947532.wav
801,common_voice_en_21949713.wav
802,common_voice_en_21952556.wav
802,common_voice_en_21959154.wav
802,common_voice_en_22016766.wav
802,common_voice_en_22087916.wav
803,common_voice_en_21945432.wav
803,common_voice_en_22203849.wav
806,common_voice_en_22136698.wav
807,common_voice_en_22247084.wav
808,common_voice_en_22134264.wav
808,common_voice_en_22260208.wav
809,common_voice_en_22054210.wav
810,common_voice_en_21925159.wav
810,common_voice_en_22086317.wav
811,common_voice_en_22016692.wav
811,common_voice_en_22211825.wav
812,common_voice_en_22025735.wav
812,common_voice_en_22047156.wav
812,common_voice_en_22101196.wav
812,common_voice_en_22105115.wav
812,common_voice_en_22141955.wav
812,common_voice_en_22206778.wav
812,common_voice_en_22274087.wav
813,common_voice_en_21944689.wav
814,common_voice_en_21993031.wav
814,common_voice_en_22051944.wav
814,common_voice_en_22080259.wav
814,common_voice_en_22207266.wav
815,common_voice_en_21979533.wav
815,common_voice_en_22034084.wav
816,common_voice_en_22163438.wav
816,common_voice_en_22176618.wav
817,common_voice_en_22226473.wav
817,common_voice_en_22260597.wav
818,common_voice_en_22095927.wav
819,common_voice_en_22097823.wav
819,common_voice_en_22212994.wav
820,common_voice_en_21957450.wav
820,common_voice_en_22200732.wav
821,common_voice_en_21964634.wav
821,common_voice_en_22052130.wav
821,common_voice_en_22185826.wav
821,common_voice_en_22196792.wav
822,common_voice_en_21994916.wav
822,common_voice_en_22004365.wav
822,common_voice_en_22099489.wav
822,common_voice_en_22129008.wav
823,common_voice_en_22030720.wav
823,common_voice_en_22263121.wav
824,common_voice_en_21894673.wav
824,common_voice_en_22099441.wav
825,common_voice_en_21963666.wav
825,common_voice_en_22027842.wav
825,common_voice_en_22121282.wav
825,common_voice_en_22172265.wav
825,common_voice_en_22211621.wav
826,common_voice_en_21993614.wav
826,common_voice_en_22127076.wav
826,common_voice_en_22175994.wav
827,common_voice_en_22094936.wav
827,common_voice_en_22174432.wav
827,common_voice_en_22203329.wav
827,common_voice_en_22229899.wav
828,common_voice_en_22165593.wav
829,common_voice_en_22112730.wav
829,common_voice_en_22233061.wav
830,common_voice_en_21954676.wav
830,common_voice_en_22048826.wav
831,common_voice_en_22207689.wav
832,common_voice_en_22087242.wav
832,common_voice_en_22118045.wav
832,common_voice_en_22126025.wav
832,common_voice_en_22255046.wav
834,common_voice_en_22107143.wav
834,common_voice_en_22152752.wav
836,common_voice_en_22234555.wav
837,common_voice_en_21973653.wav
837,common_voice_en_22127823.wav
837,common_voice_en_22131540.wav
837,common_voice_en_22184268.wav
838,common_voice_en_21962733.wav
838,common_voice_en_22008825.wav
838,common_voice_en_22102162.wav
838,common_voice_en_22259385.wav
839,common_voice_en_21986244.wav
839,common_voice_en_22135645.wav
839,common_voice_en_22183045.wav
839,common_voice_en_22183082.wav
840,common_voice_en_22126941.wav
841,common_voice_en_22029557.wav
841,common_voice_en_22088733.wav
842,common_voice_en_22180196.wav
842,common_voice_en_22184468.wav
844,common_voice_en_22127230.wav
844,common_voice_en_22220489.wav
844,common_voice_en_22220838.wav
845,common_voice_en_21944651.wav
846,common_voice_en_22071622.wav
847,common_voice_en_22177423.wav
847,common_voice_en_22219558.wav
848,common_voice_en_22029589.wav
848,common_voice_en_22119734.wav
849,common_voice_en_22124761.wav
850,common_voice_en_22106266.wav
851,common_voice_en_22131698.wav
852,common_voice_en_21975883.wav
852,common_voice_en_22214406.wav
853,common_voice_en_22216032.wav
853,common_voice_en_22219099.wav
854,common_voice_en_22011870.wav
854,common_voice_en_22047688.wav
854,common_voice_en_22193407.wav
856,common_voice_en_22057122.wav
856,common_voice_en_22074394.wav
858,common_voice_en_22248158.wav
859,common_voice_en_21975026.wav
859,common_voice_en_22229753.wav
860,common_voice_en_21959793.wav
860,common_voice_en_21972276.wav
860,common_voice_en_22260969.wav
861,common_voice_en_21894906.wav
861,common_voice_en_21936160.wav
861,common_voice_en_22026566.wav
861,common_voice_en_22060480.wav
861,common_voice_en_22112243.wav
861,common_voice_en_22184893.wav
861,common_voice_en_22212577.wav
862,common_voice_en_22153380.wav
862,common_voice_en_22182411.wav
863,common_voice_en_22021216.wav
864,common_voice_en_21908023.wav
864,common_voice_en_21920124.wav
864,common_voice_en_21924609.wav
864,common_voice_en_21993553.wav
864,common_voice_en_22142168.wav
864,common_voice_en_22208943.wav
865,common_voice_en_22043754.wav
865,common_voice_en_22049339.wav
865,common_voice_en_22070716.wav
865,common_voice_en_22156711.wav
865,common_voice_en_22224602.wav
865,common_voice_en_22224660.wav
867,common_voice_en_21993931.wav
867,common_voice_en_22099923.wav
867,common_voice_en_22203857.wav
868,common_voice_en_21943807.wav
869,common_voice_en_22206652.wav
869,common_voice_en_22207978.wav
869,common_voice_en_22218119.wav
869,common_voice_en_22293359.wav
870,common_voice_en_22104949.wav
870,common_voice_en_22168704.wav
871,common_voice_en_21938369.wav
871,common_voice_en_21963754.wav
872,common_voice_en_22160711.wav
872,common_voice_en_22161058.wav
875,common_voice_en_22047355.wav
875,common_voice_en_22176590.wav
875,common_voice_en_22259180.wav
876,common_voice_en_21938430.wav
876,common_voice_en_22072029.wav
876,common_voice_en_22081662.wav
876,common_voice_en_22154312.wav
877,common_voice_en_22243803.wav
878,common_voice_en_22179396.wav
879,common_voice_en_22095989.wav
879,common_voice_en_22124509.wav
880,common_voice_en_21897062.wav
880,common_voice_en_21965697.wav
880,common_voice_en_22081200.wav
880,common_voice_en_22119656.wav
880,common_voice_en_22156094.wav
880,common_voice_en_22184086.wav
880,common_voice_en_22246898.wav
881,common_voice_en_21962456.wav
882,common_voice_en_21905278.wav
882,common_voice_en_21922626.wav
882,common_voice_en_21999953.wav
882,common_voice_en_22120022.wav
883,common_voice_en_22049466.wav
884,common_voice_en_22052732.wav
884,common_voice_en_22146650.wav
885,common_voice_en_22046129.wav
885,common_voice_en_22200981.wav
886,common_voice_en_22066737.wav
886,common_voice_en_22070237.wav
887,common_voice_en_21986279.wav
887,common_voice_en_22042323.wav
887,common_voice_en_22152779.wav
887,common_voice_en_22190308.wav
887,common_voice_en_22206251.wav
888,common_voice_en_22046273.wav
888,common_voice_en_22068898.wav
888,common_voice_en_22168422.wav
888,common_voice_en_22174802.wav
890,common_voice_en_21937644.wav
890,common_voice_en_22011631.wav
890,common_voice_en_22106170.wav
891,common_voice_en_22108525.wav
891,common_voice_en_22203299.wav
891,common_voice_en_22260400.wav
892,common_voice_en_21921091.wav
892,common_voice_en_21947315.wav
892,common_voice_en_22213848.wav
892,common_voice_en_22218048.wav
893,common_voice_en_21915318.wav
893,common_voice_en_22143318.wav
893,common_voice_en_22213913.wav
893,common_voice_en_22214038.wav
894,common_voice_en_21998348.wav
895,common_voice_en_21967109.wav
895,common_voice_en_21994786.wav
895,common_voice_en_22083782.wav
895,common_voice_en_22105790.wav
895,common_voice_en_22167600.wav
896,common_voice_en_22060330.wav
896,common_voice_en_22100447.wav
896,common_voice_en_22120516.wav
897,common_voice_en_22121764.wav
897,common_voice_en_22268778.wav
898,common_voice_en_22049314.wav
899,common_voice_en_22022417.wav
899,common_voice_en_22190932.wav
900,common_voice_en_21915626.wav
900,common_voice_en_21993898.wav
900,common_voice_en_22023916.wav
900,common_voice_en_22172766.wav
901,common_voice_en_21915694.wav
901,common_voice_en_22050037.wav
901,common_voice_en_22148201.wav
902,common_voice_en_21988838.wav
903,common_voice_en_21917669.wav
903,common_voice_en_22033101.wav
904,common_voice_en_21904658.wav
904,common_voice_en_21958092.wav
904,common_voice_en_22053656.wav
904,common_voice_en_22058207.wav
905,common_voice_en_21957376.wav
905,common_voice_en_22017708.wav
905,common_voice_en_22049860.wav
905,common_voice_en_22063877.wav
907,common_voice_en_22024761.wav
907,common_voice_en_22033505.wav
907,common_voice_en_22249344.wav
908,common_voice_en_22018628.wav
909,common_voice_en_22003659.wav
909,common_voice_en_22017880.wav
909,common_voice_en_22133127.wav
909,common_voice_en_22167713.wav
910,common_voice_en_22016076.wav
911,common_voice_en_22090578.wav
911,common_voice_en_22150853.wav
911,common_voice_en_22230434.wav
912,common_voice_en_22114767.wav
913,common_voice_en_21903842.wav
913,common_voice_en_22122218.wav
914,common_voice_en_22289601.wav
915,common_voice_en_22162899.wav
915,common_voice_en_22166424.wav
916,common_voice_en_21951167.wav
916,common_voice_en_21983310.wav
916,common_voice_en_22286023.wav
917,common_voice_en_22070975.wav
917,common_voice_en_22149422.wav
917,common_voice_en_22218275.wav
918,common_voice_en_21918575.wav
918,common_voice_en_22009179.wav
919,common_voice_en_22112079.wav
919,common_voice_en_22253827.wav
919,common_voice_en_22263194.wav
920,common_voice_en_22072010.wav
922,common_voice_en_22163926.wav
923,common_voice_en_21908095.wav
924,common_voice_en_21934973.wav
925,common_voice_en_22107413.wav
925,common_voice_en_22164142.wav
926,common_voice_en_21897928.wav
926,common_voice_en_21927078.wav
926,common_voice_en_22056342.wav
926,common_voice_en_22088666.wav
926,common_voice_en_22181049.wav
927,common_voice_en_21907714.wav
927,common_voice_en_22285428.wav
928,common_voice_en_22029332.wav
928,common_voice_en_22031428.wav
928,common_voice_en_22121290.wav
928,common_voice_en_22261332.wav
929,common_voice_en_21950727.wav
929,common_voice_en_22048571.wav
930,common_voice_en_22071148.wav
931,common_voice_en_21973362.wav
931,common_voice_en_22028904.wav
931,common_voice_en_22215901.wav
932,common_voice_en_21904321.wav
932,common_voice_en_22022054.wav
932,common_voice_en_22052778.wav
933,common_voice_en_22010739.wav
933,common_voice_en_22191454.wav
934,common_voice_en_22007704.wav
936,common_voice_en_21945385.wav
936,common_voice_en_22090363.wav
938,common_voice_en_22060161.wav
939,common_voice_en_22236071.wav
940,common_voice_en_21962600.wav
940,common_voice_en_22250504.wav
941,common_voice_en_21929449.wav
941,common_voice_en_22078371.wav
941,common_voice_en_22105898.wav
941,common_voice_en_22120687.wav
941,common_voice_en_22267050.wav
942,common_voice_en_22119695.wav
942,common_voice_en_22172673.wav
943,common_voice_en_21972262.wav
943,common_voice_en_22007223.wav
943,common_voice_en_22175917.wav
943,common_voice_en_22207318.wav
944,common_voice_en_22019435.wav
944,common_voice_en_22259258.wav
945,common_voice_en_22129635.wav
945,common_voice_en_22194705.wav
946,common_voice_en_22108961.wav
947,common_voice_en_22046319.wav
947,common_voice_en_22134886.wav
948,common_voice_en_21945503.wav
948,common_voice_en_22028580.wav
950,common_voice_en_22007654.wav
950,common_voice_en_22014309.wav
951,common_voice_en_21931914.wav
951,common_voice_en_21998888.wav
951,common_voice_en_22048840.wav
951,common_voice_en_22068238.wav
952,common_voice_en_22046039.wav
952,common_voice_en_22106472.wav
954,common_voice_en_22076363.wav
954,common_voice_en_22103716.wav
954,common_voice_en_22161497.wav
955,common_voice_en_21940022.wav
955,common_voice_en_22054418.wav
955,common_voice_en_22136859.wav
957,common_voice_en_22026811.wav
957,common_voice_en_22105755.wav
957,common_voice_en_22286806.wav
959,common_voice_en_21913728.wav
960,common_voice_en_21975172.wav
960,common_voice_en_22106211.wav
960,common_voice_en_22185357.wav
960,common_voice_en_22261509.wav
961,common_voice_en_22019494.wav
961,common_voice_en_22072403.wav
961,common_voice_en_22172907.wav
962,common_voice_en_21978252.wav
962,common_voice_en_22094011.wav
963,common_voice_en_22102672.wav
963,common_voice_en_22237339.wav
963,common_voice_en_22288421.wav
964,common_voice_en_22006202.wav
965,common_voice_en_22070123.wav
965,common_voice_en_22156266.wav
965,common_voice_en_22186189.wav
966,common_voice_en_22211406.wav
967,common_voice_en_21965885.wav
967,common_voice_en_22133795.wav
967,common_voice_en_22136727.wav
968,common_voice_en_22017030.wav
969,common_voice_en_22065037.wav
969,common_voice_en_22257396.wav
971,common_voice_en_22016891.wav
972,common_voice_en_22172551.wav
972,common_voice_en_22245867.wav
973,common_voice_en_21947026.wav
973,common_voice_en_21985674.wav
973,common_voice_en_22026258.wav
974,common_voice_en_22124018.wav
975,common_voice_en_21964666.wav
975,common_voice_en_22104054.wav
975,common_voice_en_22104778.wav
975,common_voice_en_22148460.wav
975,common_voice_en_22211170.wav
976,common_voice_en_22164185.wav
976,common_voice_en_22199845.wav
976,common_voice_en_22246120.wav
977,common_voice_en_21903414.wav
977,common_voice_en_22175161.wav
977,common_voice_en_22213202.wav
978,common_voice_en_22157038.wav
979,common_voice_en_22043371.wav
979,common_voice_en_22066747.wav
979,common_voice_en_22126995.wav
979,common_voice_en_22239068.wav
980,common_voice_en_21926812.wav
982,common_voice_en_22004162.wav
982,common_voice_en_22152852.wav
982,common_voice_en_22156996.wav
983,common_voice_en_21941606.wav
983,common_voice_en_22091541.wav
983,common_voice_en_22096555.wav
983,common_voice_en_22125901.wav
983,common_voice_en_22292620.wav
985,common_voice_en_22059019.wav
986,common_voice_en_21936300.wav
986,common_voice_en_22096024.wav
987,common_voice_en_22093344.wav
987,common_voice_en_22138285.wav
988,common_voice_en_22155021.wav
988,common_voice_en_22204764.wav
989,common_voice_en_21949275.wav
989,common_voice_en_21986079.wav
989,common_voice_en_22163068.wav
989,common_voice_en_22279335.wav
990,common_voice_en_22119152.wav
990,common_voice_en_22198192.wav
991,common_voice_en_22212089.wav
992,common_voice_en_21947768.wav
992,common_voice_en_22046831.wav
994,common_voice_en_22104975.wav
994,common_voice_en_22169773.wav
995,common_voice_en_22083531.wav
995,common_voice_en_22193144.wav
996,common_voice_en_21917813.wav
996,common_voice_en_22067818.wav
997,common_voice_en_22049482.wav
997,common_voice_en_22081935.wav
997,common_voice_en_22139837.wav
997,common_voice_en_22185327.wav
997,common_voice_en_22222971.wav
998,common_voice_en_21947400.wav
998,common_voice_en_21959339.wav
998,common_voice_en_22037985.wav
998,common_voice_en_22047980.wav
998,common_voice_en_22167116.wav
999,common_voice_en_22173747.wav
999,common_voice_en_22184337.wav
1000,common_voice_en_21920340.wav
1001,common_voice_en_21977380.wav
1001,common_voice_en_21979501.wav
1001,common_voice_en_22189671.wav
1001,common_voice_en_22275388.wav
1002,common_voice_en_21940285.wav
1002,common_voice_en_22213154.wav
1002,common_voice_en_22260483.wav
1003,common_voice_en_22106052.wav
1004,common_voice_en_22048124.wav
1004,common_voice_en_22120741.wav
1005,common_voice_en_22143854.wav
1005,common_voice_en_22211274.wav
1006,common_voice_en_21966352.wav
1007,common_voice_en_22176551.wav
1008,common_voice_en_21929919.wav
1008,common_voice_en_22177071.wav
1009,common_voice_en_22061430.wav
1010,common_voice_en_22084114.wav
1011,common_voice_en_21986770.wav
1011,common_voice_en_21994591.wav
1011,common_voice_en_22193717.wav
1011,common_voice_en_22259140.wav
1013,common_voice_en_22015798.wav
1013,common_voice_en_22163869.wav
1013,common_voice_en_22227402.wav
1014,common_voice_en_21915726.wav
1014,common_voice_en_22181000.wav
1014,common_voice_en_22248397.wav
1015,common_voice_en_22054719.wav
1015,common_voice_en_22070885.wav
1015,common_voice_en_22202012.wav
1017,common_voice_en_21915118.wav
1017,common_voice_en_22048435.wav
1018,common_voice_en_22144262.wav
1018,common_voice_en_22186570.wav
1020,common_voice_en_22006528.wav
1020,common_voice_en_22045189.wav
1020,common_voice_en_22139020.wav
1021,common_voice_en_22157064.wav
1021,common_voice_en_22209854.wav
1024,common_voice_en_22023847.wav
1024,common_voice_en_22227029.wav
1025,common_voice_en_21921665.wav
1025,common_voice_en_22024435.wav
1025,common_voice_en_22162645.wav
1027,common_voice_en_21905357.wav
1027,common_voice_en_22170335.wav
1028,common_voice_en_22014566.wav
1030,common_voice_en_21953186.wav
1030,common_voice_en_21957323.wav
1030,common_voice_en_22222590.wav
1031,common_voice_en_21994977.wav
1031,common_voice_en_22009046.wav
1031,common_voice_en_22098515.wav
1031,common_voice_en_22160665.wav
1033,common_voice_en_22072965.wav
1033,common_voice_en_22108236.wav
1034,common_voice_en_21914208.wav
1034,common_voice_en_22231843.wav
1035,common_voice_en_22030450.wav
1036,common_voice_en_22172495.wav
1036,common_voice_en_22260337.wav
1037,common_voice_en_22023735.wav
1037,common_voice_en_22120379.wav
1038,common_voice_en_22062795.wav
1038,common_voice_en_22161219.wav
1038,common_voice_en_22161412.wav
1038,common_voice_en_22220389.wav
1038,common_voice_en_22231449.wav
1039,common_voice_en_22164018.wav
1040,common_voice_en_22008892.wav
1040,common_voice_en_22100548.wav
1040,common_voice_en_22166191.wav
1041,common_voice_en_21898882.wav
1041,common_voice_en_21976236.wav
1041,common_voice_en_22053782.wav
1041,common_voice_en_22097175.wav
1041,common_voice_en_22188641.wav
1042,common_voice_en_21977995.wav
1042,common_voice_en_22125271.wav
1042,common_voice_en_22167820.wav
1043,common_voice_en_21976263.wav
1043,common_voice_en_22202763.wav
1044,common_voice_en_22042135.wav
1044,common_voice_en_22081421.wav
1044,common_voice_en_22170270.wav
1044,common_voice_en_22178430.wav
1045,common_voice_en_21927432.wav
1045,common_voice_en_22014816.wav
1046,common_voice_en_22110763.wav
1046,common_voice_en_22114055.wav
1047,common_voice_en_22210195.wav
1048,common_voice_en_21945258.wav
1050,common_voice_en_21915884.wav
1052,common_voice_en_22014950.wav
1052,common_voice_en_22030426.wav
1052,common_voice_en_22168689.wav
1052,common_voice_en_22186420.wav
1053,common_voice_en_22012323.wav
1053,common_voice_en_22148256.wav
1054,common_voice_en_22083121.wav
1054,common_voice_en_22214997.wav
1055,common_voice_en_21970860.wav
1055,common_voice_en_22024379.wav
1055,common_voice_en_22151335.wav
1056,common_voice_en_22287501.wav
1059,common_voice_en_21943229.wav
1059,common_voice_en_22006239.wav
1059,common_voice_en_22013774.wav
1059,common_voice_en_22054710.wav
1059,common_voice_en_22133994.wav
1059,common_voice_en_22227442.wav
1060,common_voice_en_22150207.wav
1062,common_voice_en_21928330.wav
1062,common_voice_en_22165690.wav
1063,common_voice_en_21974644.wav
1064,common_voice_en_22000549.wav
1064,common_voice_en_22065522.wav
1065,common_voice_en_22002149.wav
1065,common_voice_en_22013532.wav
1065,common_voice_en_22114030.wav
1065,common_voice_en_22115314.wav
1065,common_voice_en_22124403.wav
1066,common_voice_en_22082570.wav
1066,common_voice_en_22219774.wav
1069,common_voice_en_21944425.wav
1069,common_voice_en_22115103.wav
1069,common_voice_en_22123621.wav
1069,common_voice_en_22192417.wav
1070,common_voice_en_21937919.wav
1070,common_voice_en_22167058.wav
1071,common_voice_en_21944819.wav
1071,common_voice_en_22097914.wav
1072,common_voice_en_22173400.wav
1072,common_voice_en_22290709.wav
1073,common_voice_en_21962707.wav
1073,common_voice_en_22170074.wav
1073,common_voice_en_22215106.wav
1074,common_voice_en_22146533.wav
1074,common_voice_en_22155546.wav
1074,common_voice_en_22281668.wav
1075,common_voice_en_22163795.wav
1075,common_voice_en_22270183.wav
1076,common_voice_en_21923569.wav
1076,common_voice_en_22023139.wav
1076,common_voice_en_22181011.wav
1078,common_voice_en_22040016.wav
1078,common_voice_en_22202006.wav
1079,common_voice_en_21952943.wav
1079,common_voice_en_22038373.wav
1079,common_voice_en_22067984.wav
1080,common_voice_en_22118128.wav
1080,common_voice_en_22250941.wav
1081,common_voice_en_21970500.wav
1082,common_voice_en_21935456.wav
1082,common_voice_en_22045059.wav
1082,common_voice_en_22145811.wav
1083,common_voice_en_22180571.wav
1084,common_voice_en_21903864.wav
1084,common_voice_en_21955854.wav
1086,common_voice_en_21950345.wav
1086,common_voice_en_21965055.wav
1086,common_voice_en_22054014.wav
1086,common_voice_en_22065437.wav
1087,common_voice_en_22223162.wav
1088,common_voice_en_21958543.wav
1088,common_voice_en_22271762.wav
1090,common_voice_en_22154059.wav
1090,common_voice_en_22217704.wav
1093,common_voice_en_21913546.wav
1093,common_voice_en_21963722.wav
1093,common_voice_en_22090534.wav
1094,common_voice_en_21915900.wav
1094,common_voice_en_22004193.wav
1094,common_voice_en_22154957.wav
1095,common_voice_en_22201932.wav
1096,common_voice_en_22050060.wav
1096,common_voice_en_22124582.wav
1096,common_voice_en_22145647.wav
1096,common_voice_en_22160643.wav
1097,common_voice_en_22003868.wav
1097,common_voice_en_22080447.wav
1098,common_voice_en_22087272.wav
1098,common_voice_en_22247644.wav
1099,common_voice_en_21943869.wav
1100,common_voice_en_22236170.wav
1101,common_voice_en_22154227.wav
1101,common_voice_en_22207776.wav
1102,common_voice_en_22100932.wav
1102,common_voice_en_22276301.wav
1103,common_voice_en_21949420.wav
1104,common_voice_en_22080255.wav
1104,common_voice_en_22247121.wav
1105,common_voice_en_22221177.wav
1106,common_voice_en_22054156.wav
1106,common_voice_en_22103875.wav
1107,common_voice_en_22011594.wav
1107,common_voice_en_22214243.wav
1108,common_voice_en_21933638.wav
1108,common_voice_en_22116266.wav
1109,common_voice_en_21915274.wav
1111,common_voice_en_21946132.wav
1112,common_voice_en_21934380.wav
1112,common_voice_en_22082753.wav
1112,common_voice_en_22087742.wav
1112,common_voice_en_22237440.wav
1113,common_voice_en_22044198.wav
1113,common_voice_en_22083194.wav
1113,common_voice_en_22160342.wav
1114,common_voice_en_22042265.wav
1114,common_voice_en_22160609.wav
1114,common_voice_en_22171005.wav
1114,common_voice_en_22275138.wav
1115,common_voice_en_22000690.wav
1116,common_voice_en_22037112.wav
1117,common_voice_en_22196533.wav
1119,common_voice_en_22082215.wav
1119,common_voice_en_22114990.wav
1119,common_voice_en_22146377.wav
1120,common_voice_en_22095582.wav
1122,common_voice_en_22005378.wav
1122,common_voice_en_22005618.wav
1122,common_voice_en_22037557.wav
1122,common_voice_en_22095918.wav
1122,common_voice_en_22259473.wav
1123,common_voice_en_22034730.wav
1123,common_voice_en_22089304.wav
1125,common_voice_en_21934969.wav
1125,common_voice_en_22090779.wav
1127,common_voice_en_22160496.wav
1127,common_voice_en_22249055.wav
1128,common_voice_en_22027326.wav
1128,common_voice_en_22219563.wav
1129,common_voice_en_22139055.wav
1129,common_voice_en_22198460.wav
1130,common_voice_en_21990362.wav
1132,common_voice_en_21965335.wav
1132,common_voice_en_22090956.wav
1132,common_voice_en_22185855.wav
1133,common_voice_en_22049035.wav
1134,common_voice_en_22289251.wav
1135,common_voice_en_22198163.wav
1135,common_voice_en_22232774.wav
1137,common_voice_en_22090407.wav
1137,common_voice_en_22161914.wav
1138,common_voice_en_21953063.wav
1138,common_voice_en_22075054.wav
1138,common_voice_en_22270125.wav
1140,common_voice_en_22020337.wav
1140,common_voice_en_22023369.wav
1140,common_voice_en_22174325.wav
1141,common_voice_en_22072792.wav
1141,common_voice_en_22213730.wav
1141,common_voice_en_22219479.wav
1141,common_voice_en_22245609.wav
1142,common_voice_en_21943203.wav
1143,common_voice_en_21912191.wav
1143,common_voice_en_22122031.wav
1143,common_voice_en_22229235.wav
1145,common_voice_en_22004835.wav
1145,common_voice_en_22015591.wav
1145,common_voice_en_22207024.wav
1146,common_voice_en_21935745.wav
1146,common_voice_en_22044200.wav
1148,common_voice_en_22250372.wav
1150,common_voice_en_21955324.wav
1151,common_voice_en_22028141.wav
1151,common_voice_en_22082418.wav
1152,common_voice_en_22118989.wav
1152,common_voice_en_22178803.wav
1154,common_voice_en_22153835.wav
1155,common_voice_en_21934623.wav
1156,common_voice_en_21921126.wav
1156,common_voice_en_22097906.wav
1156,common_voice_en_22135886.wav
1156,common_voice_en_22211105.wav
1157,common_voice_en_22150697.wav
1158,common_voice_en_21929067.wav
1158,common_voice_en_22012701.wav
1158,common_voice_en_22116235.wav
1159,common_voice_en_22061164.wav
1159,common_voice_en_22257358.wav
1160,common_voice_en_22098131.wav
1161,common_voice_en_21944783.wav
1164,common_voice_en_22090662.wav
1164,common_voice_en_22115892.wav
1164,common_voice_en_22157981.wav
1165,common_voice_en_21938039.wav
1165,common_voice_en_22036404.wav
1165,common_voice_en_22205139.wav
1166,common_voice_en_22155632.wav
1167,common_voice_en_22192841.wav
1169,common_voice_en_21908143.wav
1171,common_voice_en_22001629.wav
1171,common_voice_en_22046429.wav
1172,common_voice_en_22206864.wav
1173,common_voice_en_22158237.wav
1173,common_voice_en_22240229.wav
1174,common_voice_en_22160504.wav
1174,common_voice_en_22187518.wav
1175,common_voice_en_22116629.wav
1175,common_voice_en_22192999.wav
1176,common_voice_en_22041837.wav
1176,common_voice_en_22194922.wav
1177,common_voice_en_21917171.wav
1177,common_voice_en_21935513.wav
1178,common_voice_en_22159970.wav
1178,common_voice_en_22272331.wav
1179,common_voice_en_22116510.wav
1180,common_voice_en_21960507.wav
1182,common_voice_en_22042081.wav
1183,common_voice_en_21947823.wav
1183,common_voice_en_22085403.wav
1183,common_voice_en_22113126.wav
1183,common_voice_en_22126453.wav
1183,common_voice_en_22211015.wav
1184,common_voice_en_22056736.wav
1186,common_voice_en_22127463.wav
1187,common_voice_en_22219552.wav
1188,common_voice_en_22230359.wav
1189,common_voice_en_21916769.wav
1189,common_voice_en_22162472.wav
1190,common_voice_en_22014465.wav
1190,common_voice_en_22218210.wav
1190,common_voice_en_22234601.wav
1191,common_voice_en_21960733.wav
1191,common_voice_en_22158287.wav
1191,common_voice_en_22196421.wav
1192,common_voice_en_21956758.wav
1193,common_voice_en_21950035.wav
1194,common_voice_en_21983895.wav
1194,common_voice_en_22014327.wav
1195,common_voice_en_21938412.wav
1195,common_voice_en_22177038.wav
1198,common_voice_en_22174234.wav
1198,common_voice_en_22185135.wav
1199,common_voice_en_22124091.wav
1199,common_voice_en_22128818.wav
1201,common_voice_en_22138792.wav
1203,common_voice_en_22007777.wav
1203,common_voice_en_22219778.wav
1203,common_voice_en_22234528.wav
1203,common_voice_en_22238321.wav
1203,common_voice_en_22263863.wav
1203,common_voice_en_22266055.wav
1204,common_voice_en_21915621.wav
1204,common_voice_en_22158153.wav
1204,common_voice_en_22194439.wav
1204,common_voice_en_22212090.wav
1205,common_voice_en_21980938.wav
1205,common_voice_en_22143157.wav
1205,common_voice_en_22167386.wav
1205,common_voice_en_22247700.wav
1206,common_voice_en_22000725.wav
1207,common_voice_en_21963211.wav
1207,common_voice_en_22164685.wav
1208,common_voice_en_21950219.wav
1208,common_voice_en_22052586.wav
1209,common_voice_en_21948934.wav
1209,common_voice_en_21963795.wav
1210,common_voice_en_21957177.wav
1210,common_voice_en_22220147.wav
1211,common_voice_en_22008035.wav
1211,common_voice_en_22121352.wav
1212,common_voice_en_22238454.wav
1213,common_voice_en_22182854.wav
1213,common_voice_en_22272984.wav
1214,common_voice_en_22131940.wav
1216,common_voice_en_21988035.wav
1216,common_voice_en_22074133.wav
1216,common_voice_en_22159900.wav
1217,common_voice_en_22286444.wav
1219,common_voice_en_22078645.wav
1221,common_voice_en_22215528.wav
1222,common_voice_en_22146712.wav
1223,common_voice_en_22024523.wav
1224,common_voice_en_22026360.wav
1224,common_voice_en_22225790.wav
1225,common_voice_en_21948737.wav
1225,common_voice_en_21957086.wav
1225,common_voice_en_22022737.wav
1226,common_voice_en_21959461.wav
1227,common_voice_en_21995300.wav
1227,common_voice_en_22171486.wav
1228,common_voice_en_21990082.wav
1228,common_voice_en_22045064.wav
1228,common_voice_en_22142237.wav
1228,common_voice_en_22209749.wav
1229,common_voice_en_22220008.wav
1230,common_voice_en_22083439.wav
1230,common_voice_en_22098918.wav
1230,common_voice_en_22173735.wav
1231,common_voice_en_22204798.wav
1232,common_voice_en_21938358.wav
1232,common_voice_en_21942447.wav
1232,common_voice_en_22178211.wav
1233,common_voice_en_22034782.wav
1233,common_voice_en_22130819.wav
1234,common_voice_en_21894887.wav
1235,common_voice_en_22196803.wav
1235,common_voice_en_22255909.wav
1236,common_voice_en_22085684.wav
1236,common_voice_en_22122108.wav
1237,common_voice_en_22142011.wav
1237,common_voice_en_22215303.wav
1237,common_voice_en_22284075.wav
1239,common_voice_en_21990969.wav
1240,common_voice_en_22162149.wav
1241,common_voice_en_21916049.wav
1241,common_voice_en_21939166.wav
1241,common_voice_en_22105250.wav
1242,common_voice_en_21896218.wav
1243,common_voice_en_22008698.wav
1243,common_voice_en_22047375.wav
1247,common_voice_en_22065053.wav
1247,common_voice_en_22226284.wav
1248,common_voice_en_21970909.wav
1248,common_voice_en_22017483.wav
1249,common_voice_en_22033739.wav
1250,common_voice_en_22103285.wav
1250,common_voice_en_22127570.wav
1251,common_voice_en_22259234.wav
1252,common_voice_en_22004672.wav
1252,common_voice_en_22013252.wav
1252,common_voice_en_22053337.wav
1252,common_voice_en_22127624.wav
1252,common_voice_en_22197362.wav
1252,common_voice_en_22220395.wav
1253,common_voice_en_21982945.wav
1254,common_voice_en_22024630.wav
1254,common_voice_en_22058857.wav
1255,common_voice_en_22021218.wav
1255,common_voice_en_22056807.wav
1256,common_voice_en_22177763.wav
1257,common_voice_en_22174649.wav
1258,common_voice_en_22184728.wav
1260,common_voice_en_22106154.wav
1261,common_voice_en_22103513.wav
1262,common_voice_en_22139778.wav
1262,common_voice_en_22141159.wav
1262,common_voice_en_22212987.wav
1263,common_voice_en_21971823.wav
1264,common_voice_en_22144092.wav
1264,common_voice_en_22165799.wav
1265,common_voice_en_22097459.wav
1266,common_voice_en_22114684.wav
1267,common_voice_en_22009816.wav
1267,common_voice_en_22204799.wav
1268,common_voice_en_21964313.wav
1269,common_voice_en_21955636.wav
1270,common_voice_en_21982061.wav
1270,common_voice_en_22067864.wav
1271,common_voice_en_22147737.wav
1271,common_voice_en_22213107.wav
1272,common_voice_en_22036016.wav
1272,common_voice_en_22173519.wav
1273,common_voice_en_22056565.wav
1274,common_voice_en_22044722.wav
1275,common_voice_en_22045499.wav
1275,common_voice_en_22228832.wav
1276,common_voice_en_22137301.wav
1276,common_voice_en_22187084.wav
1278,common_voice_en_22022069.wav
1278,common_voice_en_22155822.wav
1279,common_voice_en_22173456.wav
1280,common_voice_en_21954326.wav
1280,common_voice_en_22207487.wav
1280,common_voice_en_22271096.wav
1281,common_voice_en_22021097.wav
1281,common_voice_en_22163644.wav
1281,common_voice_en_22194431.wav
1281,common_voice_en_22245719.wav
1282,common_voice_en_22066783.wav
1284,common_voice_en_22125291.wav
1284,common_voice_en_22259597.wav
1285,common_voice_en_21976634.wav
1285,common_voice_en_22005951.wav
1285,common_voice_en_22031577.wav
1285,common_voice_en_22181434.wav
1286,common_voice_en_22104767.wav
1287,common_voice_en_21974922.wav
1287,common_voice_en_22032370.wav
1287,common_voice_en_22097341.wav
1288,common_voice_en_22181766.wav
1289,common_voice_en_22092981.wav
1289,common_voice_en_22190169.wav
1291,common_voice_en_22222393.wav
1294,common_voice_en_21953425.wav
1294,common_voice_en_22088928.wav
1294,common_voice_en_22143545.wav
1294,common_voice_en_22160946.wav
1295,common_voice_en_21996372.wav
1297,common_voice_en_22028925.wav
1297,common_voice_en_22203271.wav
1298,common_voice_en_21920635.wav
1298,common_voice_en_21949884.wav
1298,common_voice_en_22155387.wav
1299,common_voice_en_22135911.wav
1301,common_voice_en_22175034.wav
1301,common_voice_en_22218049.wav
1301,common_voice_en_22218122.wav
1302,common_voice_en_22231168.wav
1303,common_voice_en_22154226.wav
1306,common_voice_en_22084780.wav
1306,common_voice_en_22100427.wav
1306,common_voice_en_22252097.wav
1307,common_voice_en_22008004.wav
1308,common_voice_en_22043145.wav
1308,common_voice_en_22116851.wav
1309,common_voice_en_22044428.wav
1309,common_voice_en_22278859.wav
1310,common_voice_en_21977578.wav
1311,common_voice_en_21997349.wav
1312,common_voice_en_22000170.wav
1312,common_voice_en_22219076.wav
1312,common_voice_en_22219858.wav
1313,common_voice_en_22074339.wav
1313,common_voice_en_22230433.wav
1314,common_voice_en_21972588.wav
1314,common_voice_en_22096057.wav
1315,common_voice_en_22045041.wav
1315,common_voice_en_22072683.wav
1315,common_voice_en_22213345.wav
1316,common_voice_en_21917511.wav
1316,common_voice_en_22017668.wav
1317,common_voice_en_22160401.wav
1317,common_voice_en_22202143.wav
1318,common_voice_en_22212649.wav
1319,common_voice_en_22002898.wav
1320,common_voice_en_22067173.wav
1320,common_voice_en_22246758.wav
1321,common_voice_en_22084192.wav
1322,common_voice_en_22022916.wav
1322,common_voice_en_22119608.wav
1323,common_voice_en_22213979.wav
1324,common_voice_en_22012868.wav
1324,common_voice_en_22062093.wav
1324,common_voice_en_22175618.wav
1325,common_voice_en_21927496.wav
1325,common_voice_en_22019185.wav
1326,common_voice_en_21915987.wav
1326,common_voice_en_22109650.wav
1327,common_voice_en_21971267.wav
1328,common_voice_en_22097997.wav
1328,common_voice_en_22098749.wav
1329,common_voice_en_21916723.wav
1329,common_voice_en_22030914.wav
1330,common_voice_en_21895934.wav
1330,common_voice_en_22011736.wav
1330,common_voice_en_22111257.wav
1331,common_voice_en_21895785.wav
1332,common_voice_en_21907077.wav
1332,common_voice_en_22144391.wav
1334,common_voice_en_22283275.wav
1335,common_voice_en_21976848.wav
1335,common_voice_en_22063521.wav
1335,common_voice_en_22187896.wav
1338,common_voice_en_21982007.wav
1338,common_voice_en_22053664.wav
1339,common_voice_en_22009345.wav
1339,common_voice_en_22285331.wav
1340,common_voice_en_22143732.wav
1342,common_voice_en_22082319.wav
1343,common_voice_en_22155155.wav
1343,common_voice_en_22186038.wav
1345,common_voice_en_22165817.wav
1345,common_voice_en_22233263.wav
1346,common_voice_en_21971615.wav
1348,common_voice_en_22182239.wav
1349,common_voice_en_22033219.wav
1350,common_voice_en_22004046.wav
1352,common_voice_en_21915502.wav
1353,common_voice_en_21988676.wav
1353,common_voice_en_21991875.wav
1353,common_voice_en_22133605.wav
1353,common_voice_en_22209374.wav
1356,common_voice_en_21946412.wav
1358,common_voice_en_22110006.wav
1359,common_voice_en_22227492.wav
1360,common_voice_en_22058270.wav
1362,common_voice_en_21930598.wav
1364,common_voice_en_22099809.wav
1367,common_voice_en_22037382.wav
1368,common_voice_en_22140842.wav
1368,common_voice_en_22233644.wav
1368,common_voice_en_22263139.wav
1369,common_voice_en_22148831.wav
1370,common_voice_en_22046837.wav
1370,common_voice_en_22056547.wav
1370,common_voice_en_22089854.wav
1371,common_voice_en_22026185.wav
1371,common_voice_en_22194133.wav
1372,common_voice_en_22193673.wav
1373,common_voice_en_21940222.wav
1373,common_voice_en_22206270.wav
1374,common_voice_en_21961926.wav
1374,common_voice_en_22245503.wav
1376,common_voice_en_22000034.wav
1377,common_voice_en_22136894.wav
1378,common_voice_en_22080776.wav
1378,common_voice_en_22087687.wav
1379,common_voice_en_22135844.wav
1380,common_voice_en_22041848.wav
1380,common_voice_en_22238846.wav
1380,common_voice_en_22263874.wav
1380,common_voice_en_22287794.wav
1381,common_voice_en_22199076.wav
1383,common_voice_en_22117624.wav
1383,common_voice_en_22138255.wav
1384,common_voice_en_21932484.wav
1384,common_voice_en_22180171.wav
1385,common_voice_en_22093296.wav
1385,common_voice_en_22130396.wav
1386,common_voice_en_21929305.wav
1386,common_voice_en_22084970.wav
1386,common_voice_en_22124588.wav
1387,common_voice_en_22117688.wav
1387,common_voice_en_22291235.wav
1388,common_voice_en_22055311.wav
1388,common_voice_en_22057804.wav
1388,common_voice_en_22062731.wav
1389,common_voice_en_21942845.wav
1389,common_voice_en_22200724.wav
1390,common_voice_en_21986391.wav
1391,common_voice_en_22042922.wav
1392,common_voice_en_22218980.wav
1393,common_voice_en_22124155.wav
1394,common_voice_en_22010657.wav
1396,common_voice_en_22197478.wav
1398,common_voice_en_21942836.wav
1398,common_voice_en_22220848.wav
1399,common_voice_en_21962484.wav
1399,common_voice_en_22078486.wav
1399,common_voice_en_22088830.wav
1400,common_voice_en_22069136.wav
1400,common_voice_en_22112772.wav
1401,common_voice_en_21928500.wav
1401,common_voice_en_22028683.wav
1401,common_voice_en_22140231.wav
1401,common_voice_en_22210965.wav
1402,common_voice_en_22038842.wav
1402,common_voice_en_22126971.wav
1403,common_voice_en_22237518.wav
1404,common_voice_en_22040145.wav
1404,common_voice_en_22064407.wav
1404,common_voice_en_22085067.wav
1409,common_voice_en_22089183.wav
1409,common_voice_en_22226773.wav
1409,common_voice_en_22228945.wav
1411,common_voice_en_22082821.wav
1412,common_voice_en_22103926.wav
1412,common_voice_en_22288705.wav
1413,common_voice_en_22145431.wav
1413,common_voice_en_22153448.wav
1413,common_voice_en_22184692.wav
1414,common_voice_en_22169005.wav
1414,common_voice_en_22189525.wav
1414,common_voice_en_22250422.wav
1415,common_voice_en_22148848.wav
1415,common_voice_en_22208411.wav
1416,common_voice_en_22074219.wav
1416,common_voice_en_22140548.wav
1417,common_voice_en_22148679.wav
1418,common_voice_en_22058788.wav
1418,common_voice_en_22062194.wav
1419,common_voice_en_21990440.wav
1419,common_voice_en_22091845.wav
1419,common_voice_en_22117870.wav
1422,common_voice_en_22092456.wav
1423,common_voice_en_22232718.wav
1424,common_voice_en_22067361.wav
1426,common_voice_en_22198513.wav
1427,common_voice_en_21942966.wav
1427,common_voice_en_22061104.wav
1428,common_voice_en_22231766.wav
1429,common_voice_en_21932041.wav
1430,common_voice_en_22140929.wav
1431,common_voice_en_22130276.wav
1433,common_voice_en_22149407.wav
1433,common_voice_en_22159556.wav
1433,common_voice_en_22224052.wav
1434,common_voice_en_21999583.wav
1434,common_voice_en_22095489.wav
1434,common_voice_en_22196348.wav
1437,common_voice_en_22166076.wav
1442,common_voice_en_22151606.wav
1443,common_voice_en_22138538.wav
1444,common_voice_en_21988223.wav
1446,common_voice_en_22023559.wav
1448,common_voice_en_22281493.wav
1449,common_voice_en_22010742.wav
1449,common_voice_en_22128959.wav
1449,common_voice_en_22130012.wav
1450,common_voice_en_22057352.wav
1450,common_voice_en_22197425.wav
1451,common_voice_en_22183889.wav
1453,common_voice_en_22096540.wav
1453,common_voice_en_22098512.wav
1453,common_voice_en_22143119.wav
1453,common_voice_en_22155040.wav
1455,common_voice_en_21987659.wav
1456,common_voice_en_22156103.wav
1456,common_voice_en_22221991.wav
1457,common_voice_en_21915252.wav
1460,common_voice_en_22155354.wav
1462,common_voice_en_21983629.wav
1462,common_voice_en_22017517.wav
1463,common_voice_en_21984332.wav
1463,common_voice_en_21990386.wav
1464,common_voice_en_22044249.wav
1464,common_voice_en_22178460.wav
1466,common_voice_en_22118109.wav
1469,common_voice_en_21965257.wav
1469,common_voice_en_22134429.wav
1470,common_voice_en_21918626.wav
1470,common_voice_en_22198097.wav
1472,common_voice_en_22015778.wav
1474,common_voice_en_21916284.wav
1474,common_voice_en_22076717.wav
1476,common_voice_en_21983805.wav
1477,common_voice_en_21991612.wav
1477,common_voice_en_22029290.wav
1477,common_voice_en_22075844.wav
1477,common_voice_en_22095795.wav
1480,common_voice_en_21920949.wav
1482,common_voice_en_21959054.wav
1482,common_voice_en_21994093.wav
1482,common_voice_en_22086699.wav
1482,common_voice_en_22183483.wav
1484,common_voice_en_22028536.wav
1484,common_voice_en_22070338.wav
1486,common_voice_en_21981421.wav
1486,common_voice_en_22202279.wav
1487,common_voice_en_21978513.wav
1487,common_voice_en_22074211.wav
1487,common_voice_en_22156672.wav
1488,common_voice_en_22062765.wav
1492,common_voice_en_22243657.wav
1493,common_voice_en_22125606.wav
1493,common_voice_en_22284111.wav
1495,common_voice_en_22085089.wav
1495,common_voice_en_22185996.wav
1499,common_voice_en_22012554.wav
1499,common_voice_en_22053732.wav
1500,common_voice_en_21998356.wav
1501,common_voice_en_22164123.wav
1507,common_voice_en_22052763.wav
1507,common_voice_en_22061281.wav
1507,common_voice_en_22094969.wav
1507,common_voice_en_22200268.wav
1508,common_voice_en_22097256.wav
1510,common_voice_en_22120083.wav
1510,common_voice_en_22230845.wav
1511,common_voice_en_21942711.wav
1511,common_voice_en_22036766.wav
1513,common_voice_en_21991531.wav
1517,common_voice_en_21945870.wav
1517,common_voice_en_21962490.wav
1517,common_voice_en_22014988.wav
1518,common_voice_en_22073989.wav
1519,common_voice_en_22131335.wav
1520,common_voice_en_22060100.wav
1520,common_voice_en_22069606.wav
1521,common_voice_en_21954741.wav
1522,common_voice_en_22126419.wav
1522,common_voice_en_22159626.wav
1522,common_voice_en_22231271.wav
1524,common_voice_en_22273310.wav
1525,common_voice_en_22220538.wav
1526,common_voice_en_22103023.wav
1528,common_voice_en_21945910.wav
1529,common_voice_en_22158159.wav
1533,common_voice_en_21994754.wav
1533,common_voice_en_22271619.wav
1535,common_voice_en_21964857.wav
1535,common_voice_en_22076074.wav
1535,common_voice_en_22183421.wav
1537,common_voice_en_22181590.wav
1538,common_voice_en_22051289.wav
1538,common_voice_en_22137623.wav
1539,common_voice_en_22199045.wav
1539,common_voice_en_22218058.wav
1543,common_voice_en_22133558.wav
1545,common_voice_en_22130381.wav
1545,common_voice_en_22169110.wav
1547,common_voice_en_22180568.wav
1548,common_voice_en_22198867.wav
1549,common_voice_en_21949558.wav
1549,common_voice_en_21996686.wav
1549,common_voice_en_22004415.wav
1552,common_voice_en_22039334.wav
1555,common_voice_en_22179546.wav
1557,common_voice_en_22212585.wav
1558,common_voice_en_22228524.wav
1559,common_voice_en_22171466.wav
1560,common_voice_en_21896888.wav
1560,common_voice_en_21984651.wav
1562,common_voice_en_22056319.wav
1564,common_voice_en_21927832.wav
1565,common_voice_en_22243885.wav
1567,common_voice_en_21965843.wav
1568,common_voice_en_21903213.wav
1569,common_voice_en_22156048.wav
1573,common_voice_en_22084701.wav
1573,common_voice_en_22244097.wav
1574,common_voice_en_21963629.wav
1574,common_voice_en_22179088.wav
1575,common_voice_en_22097146.wav
1577,common_voice_en_22242437.wav
1578,common_voice_en_22150771.wav
1579,common_voice_en_21915661.wav
1581,common_voice_en_21945173.wav
1581,common_voice_en_22147650.wav
1582,common_voice_en_22084887.wav
1584,common_voice_en_22070567.wav
1586,common_voice_en_21970226.wav
1587,common_voice_en_22085819.wav
1588,common_voice_en_21917134.wav
1590,common_voice_en_21928062.wav
1590,common_voice_en_22101746.wav
1593,common_voice_en_22119594.wav
1594,common_voice_en_22068983.wav
1595,common_voice_en_22109031.wav
1595,common_voice_en_22155873.wav
1596,common_voice_en_22223760.wav
1597,common_voice_en_22177450.wav
1597,common_voice_en_22178783.wav
1599,common_voice_en_21939848.wav
1599,common_voice_en_22037290.wav
1599,common_voice_en_22112206.wav
1599,common_voice_en_22149955.wav
1599,common_voice_en_22220001.wav
1599,common_voice_en_22228402.wav
1600,common_voice_en_22262487.wav
1601,common_voice_en_22128331.wav
1601,common_voice_en_22226184.wav
1603,common_voice_en_22080118.wav
1604,common_voice_en_22270894.wav
1607,common_voice_en_22044682.wav
1607,common_voice_en_22049720.wav
1607,common_voice_en_22062160.wav
1607,common_voice_en_22073541.wav
1608,common_voice_en_22045269.wav
1611,common_voice_en_21901123.wav
1611,common_voice_en_22038908.wav
1612,common_voice_en_22101118.wav
1613,common_voice_en_21923579.wav
1613,common_voice_en_22009823.wav
1613,common_voice_en_22092625.wav
1615,common_voice_en_21943929.wav
1618,common_voice_en_21902071.wav
1618,common_voice_en_21989063.wav
1620,common_voice_en_22097592.wav
1621,common_voice_en_22077247.wav
1622,common_voice_en_22215846.wav
1623,common_voice_en_22067281.wav
1627,common_voice_en_22175672.wav
1627,common_voice_en_22202792.wav
1628,common_voice_en_22033225.wav
1629,common_voice_en_22090496.wav
1629,common_voice_en_22220347.wav
1630,common_voice_en_22091604.wav
1632,common_voice_en_22040690.wav
1632,common_voice_en_22047218.wav
1632,common_voice_en_22152710.wav
1633,common_voice_en_21915470.wav
1633,common_voice_en_22064822.wav
1633,common_voice_en_22068136.wav
1634,common_voice_en_22006689.wav
1636,common_voice_en_22024118.wav
1637,common_voice_en_22192791.wav
1639,common_voice_en_22099894.wav
1641,common_voice_en_22013296.wav
1641,common_voice_en_22184743.wav
1642,common_voice_en_22136380.wav
1642,common_voice_en_22141834.wav
1643,common_voice_en_22264579.wav
1648,common_voice_en_22203597.wav
1649,common_voice_en_22130905.wav
1649,common_voice_en_22207097.wav
1650,common_voice_en_22225990.wav
1652,common_voice_en_21999530.wav
1653,common_voice_en_22168801.wav
1654,common_voice_en_22026807.wav
1654,common_voice_en_22027545.wav
1655,common_voice_en_21948789.wav
1656,common_voice_en_21937496.wav
1656,common_voice_en_22100399.wav
1656,common_voice_en_22260113.wav
1657,common_voice_en_22146493.wav
1662,common_voice_en_22218778.wav
1663,common_voice_en_22148399.wav
1663,common_voice_en_22191472.wav
1665,common_voice_en_22170218.wav
1667,common_voice_en_22263872.wav
1668,common_voice_en_21895398.wav
1669,common_voice_en_21950212.wav
1669,common_voice_en_22205044.wav
1670,common_voice_en_22084621.wav
1671,common_voice_en_22162815.wav
1672,common_voice_en_22139140.wav
1672,common_voice_en_22183537.wav
1675,common_voice_en_21901128.wav
1675,common_voice_en_22198857.wav
1677,common_voice_en_22255541.wav
1678,common_voice_en_21928186.wav
1678,common_voice_en_22046960.wav
1679,common_voice_en_21983489.wav
1681,common_voice_en_22171315.wav
1682,common_voice_en_22116906.wav
1682,common_voice_en_22117741.wav
1683,common_voice_en_22092203.wav
1684,common_voice_en_22119972.wav
1685,common_voice_en_22209966.wav
1688,common_voice_en_22145723.wav
1690,common_voice_en_22213089.wav
1692,common_voice_en_21956978.wav
1693,common_voice_en_22175878.wav
1693,common_voice_en_22184606.wav
1696,common_voice_en_22037815.wav
1696,common_voice_en_22118956.wav
1697,common_voice_en_22102489.wav
1699,common_voice_en_22212787.wav
1704,common_voice_en_21965300.wav
1710,common_voice_en_21961243.wav
1711,common_voice_en_21936022.wav
1711,common_voice_en_22004804.wav
1711,common_voice_en_22016396.wav
1711,common_voice_en_22134382.wav
1712,common_voice_en_22030869.wav
1713,common_voice_en_22120073.wav
1716,common_voice_en_21980900.wav
1716,common_voice_en_22159873.wav
1716,common_voice_en_22192412.wav
1716,common_voice_en_22274564.wav
1717,common_voice_en_22075199.wav
1719,common_voice_en_22056106.wav
1721,common_voice_en_22156973.wav
1722,common_voice_en_22220598.wav
1724,common_voice_en_22116520.wav
1726,common_voice_en_22058484.wav
1726,common_voice_en_22198183.wav
1728,common_voice_en_22151470.wav
1731,common_voice_en_22015907.wav
1733,common_voice_en_22102408.wav
1733,common_voice_en_22190558.wav
1737,common_voice_en_21954710.wav
1738,common_voice_en_22097965.wav
1740,common_voice_en_22042114.wav
1746,common_voice_en_22235501.wav
1751,common_voice_en_22157805.wav
1752,common_voice_en_21928710.wav
1752,common_voice_en_22088827.wav
1754,common_voice_en_22222025.wav
1756,common_voice_en_22000141.wav
1757,common_voice_en_22002903.wav
1759,common_voice_en_22037923.wav
1759,common_voice_en_22085428.wav
1761,common_voice_en_22102293.wav
1762,common_voice_en_22034688.wav
1767,common_voice_en_21976229.wav
1768,common_voice_en_22158820.wav
1768,common_voice_en_22185478.wav
1770,common_voice_en_22070615.wav
1774,common_voice_en_21986622.wav
1775,common_voice_en_22058309.wav
1775,common_voice_en_22166844.wav
1780,common_voice_en_22126653.wav
1780,common_voice_en_22184782.wav
1780,common_voice_en_22207148.wav
1781,common_voice_en_22164875.wav
1783,common_voice_en_22226372.wav
1784,common_voice_en_22163355.wav
1785,common_voice_en_21930799.wav
1789,common_voice_en_21951336.wav
1789,common_voice_en_22046061.wav
1789,common_voice_en_22106377.wav
1789,common_voice_en_22203548.wav
1794,common_voice_en_21928123.wav
1795,common_voice_en_21971729.wav
1795,common_voice_en_21975075.wav
1798,common_voice_en_22025791.wav
1798,common_voice_en_22035593.wav
1800,common_voice_en_22137581.wav
1805,common_voice_en_22020749.wav
1807,common_voice_en_22196066.wav
1810,common_voice_en_21957239.wav
1810,common_voice_en_22216393.wav
1811,common_voice_en_22043879.wav
1813,common_voice_en_22118600.wav
1814,common_voice_en_22086826.wav
1817,common_voice_en_21999540.wav
1820,common_voice_en_22232403.wav
1823,common_voice_en_22189814.wav
1826,common_voice_en_22008580.wav
1827,common_voice_en_21912141.wav
1829,common_voice_en_22123558.wav
1830,common_voice_en_21981263.wav
1834,common_voice_en_22109150.wav
1834,common_voice_en_22109951.wav
1835,common_voice_en_21908284.wav
1835,common_voice_en_22016487.wav
1835,common_voice_en_22180337.wav
1837,common_voice_en_22197522.wav
1837,common_voice_en_22225683.wav
1838,common_voice_en_21948843.wav
1841,common_voice_en_22119855.wav
1842,common_voice_en_22183582.wav
1842,common_voice_en_22228163.wav
1848,common_voice_en_22216147.wav
1849,common_voice_en_22176139.wav
1850,common_voice_en_22025043.wav
1851,common_voice_en_22042148.wav
1852,common_voice_en_22229958.wav
1854,common_voice_en_22121300.wav
1857,common_voice_en_22125383.wav
1859,common_voice_en_22172706.wav
1862,common_voice_en_22020426.wav
1862,common_voice_en_22229220.wav
1863,common_voice_en_21994227.wav
1864,common_voice_en_22148193.wav
1865,common_voice_en_21979336.wav
1871,common_voice_en_22200529.wav
1871,common_voice_en_22247032.wav
1872,common_voice_en_22145394.wav
1873,common_voice_en_22025931.wav
1881,common_voice_en_22123277.wav
1887,common_voice_en_21999171.wav
1888,common_voice_en_22178571.wav
1889,common_voice_en_22115601.wav
1890,common_voice_en_22068587.wav
1892,common_voice_en_22061867.wav
1893,common_voice_en_21942508.wav
1893,common_voice_en_21999430.wav
1893,common_voice_en_22015243.wav
1894,common_voice_en_22107026.wav
1896,common_voice_en_22216763.wav
1897,common_voice_en_22247607.wav
1899,common_voice_en_22008809.wav
1901,common_voice_en_21976428.wav
1901,common_voice_en_22046309.wav
1902,common_voice_en_21993096.wav
1904,common_voice_en_22035767.wav
1905,common_voice_en_22224515.wav
1906,common_voice_en_21927421.wav
1908,common_voice_en_22016680.wav
1908,common_voice_en_22167943.wav
1909,common_voice_en_21961156.wav
1909,common_voice_en_22159195.wav
1912,common_voice_en_22112426.wav
1914,common_voice_en_22024710.wav
1915,common_voice_en_22127882.wav
1917,common_voice_en_22182640.wav
1918,common_voice_en_22003069.wav
1920,common_voice_en_21959896.wav
1921,common_voice_en_22249554.wav
1925,common_voice_en_21962096.wav
1925,common_voice_en_22258951.wav
1927,common_voice_en_22055749.wav
1934,common_voice_en_22019097.wav
1937,common_voice_en_22244250.wav
1941,common_voice_en_22133800.wav
1942,common_voice_en_22060153.wav
1944,common_voice_en_21987722.wav
1945,common_voice_en_22038525.wav
1946,common_voice_en_22142308.wav
1946,common_voice_en_22144284.wav
1947,common_voice_en_22203764.wav
1951,common_voice_en_22184546.wav
1952,common_voice_en_22219802.wav
1954,common_voice_en_21967376.wav
1954,common_voice_en_22002038.wav
1962,common_voice_en_22109796.wav
1963,common_voice_en_22082148.wav
1971,common_voice_en_22061973.wav
1985,common_voice_en_21982686.wav
1986,common_voice_en_22228532.wav
1990,common_voice_en_22215399.wav
1996,common_voice_en_22060902.wav
2007,common_voice_en_22210940.wav
2010,common_voice_en_22167982.wav
2019,common_voice_en_21948949.wav
2025,common_voice_en_22035628.wav
2026,common_voice_en_22110553.wav
2027,common_voice_en_22160440.wav
2032,common_voice_en_21970316.wav
2035,common_voice_en_22236235.wav
2044,common_voice_en_21954526.wav
2045,common_voice_en_22056622.wav
2045,common_voice_en_22164343.wav
2050,common_voice_en_22143992.wav
2057,common_voice_en_22178252.wav
2058,common_voice_en_22148632.wav
2059,common_voice_en_22183464.wav
2061,common_voice_en_22059503.wav
2061,common_voice_en_22068149.wav
2071,common_voice_en_22274370.wav
2072,common_voice_en_21960143.wav
2074,common_voice_en_22089868.wav
2075,common_voice_en_22185677.wav
2077,common_voice_en_22037471.wav
2083,common_voice_en_22048450.wav
2092,common_voice_en_21974356.wav
2094,common_voice_en_22040303.wav
2094,common_voice_en_22089375.wav
2102,common_voice_en_22044061.wav
2105,common_voice_en_22113522.wav
2105,common_voice_en_22141178.wav
2107,common_voice_en_22158295.wav
2109,common_voice_en_21912599.wav
2111,common_voice_en_22019947.wav
2115,common_voice_en_22227355.wav
2119,common_voice_en_22193648.wav
2127,common_voice_en_22071901.wav
2141,common_voice_en_22083124.wav
2142,common_voice_en_22229843.wav
2143,common_voice_en_22201625.wav
2144,common_voice_en_21981242.wav
2144,common_voice_en_22019912.wav
2149,common_voice_en_22034771.wav
2150,common_voice_en_22042295.wav
2151,common_voice_en_22035350.wav
2154,common_voice_en_21895832.wav
2164,common_voice_en_22096708.wav
2166,common_voice_en_22102723.wav
2173,common_voice_en_22162395.wav
2174,common_voice_en_22085216.wav
2175,common_voice_en_22014678.wav
2175,common_voice_en_22066697.wav
2178,common_voice_en_22020788.wav
2181,common_voice_en_22259165.wav
2184,common_voice_en_21974677.wav
2185,common_voice_en_22238286.wav
2191,common_voice_en_22038899.wav
2193,common_voice_en_22085643.wav
2193,common_voice_en_22139737.wav
2197,common_voice_en_22093050.wav
2198,common_voice_en_21965368.wav
2203,common_voice_en_22187830.wav
2220,common_voice_en_22106985.wav
2222,common_voice_en_22168525.wav
2222,common_voice_en_22251578.wav
2240,common_voice_en_22061251.wav
2244,common_voice_en_22149741.wav
2248,common_voice_en_21950445.wav
2248,common_voice_en_22068406.wav
2250,common_voice_en_22162429.wav
2252,common_voice_en_22080101.wav
2256,common_voice_en_22177205.wav
2261,common_voice_en_22094145.wav
2269,common_voice_en_21940561.wav
2277,common_voice_en_21981017.wav
2286,common_voice_en_22138012.wav
2287,common_voice_en_22005272.wav
2292,common_voice_en_22002618.wav
2298,common_voice_en_22174428.wav
2305,common_voice_en_21921158.wav
2305,common_voice_en_21945039.wav
2309,common_voice_en_22123506.wav
2323,common_voice_en_22169179.wav
2334,common_voice_en_22198730.wav
2341,common_voice_en_22106155.wav
2349,common_voice_en_22171537.wav
2353,common_voice_en_22049233.wav
2368,common_voice_en_22145669.wav
2374,common_voice_en_22070583.wav
2374,common_voice_en_22146136.wav
2375,common_voice_en_21947964.wav
2379,common_voice_en_21963656.wav
2389,common_voice_en_22131264.wav
2414,common_voice_en_22011079.wav
2426,common_voice_en_22012180.wav
2429,common_voice_en_22233700.wav
2433,common_voice_en_22174995.wav
2436,common_voice_en_22061807.wav
2460,common_voice_en_22110161.wav
2468,common_voice_en_21903529.wav
2473,common_voice_en_22083835.wav
2473,common_voice_en_22087773.wav
2481,common_voice_en_22071673.wav
2484,common_voice_en_22063043.wav
2488,common_voice_en_22080187.wav
2501,common_voice_en_22059364.wav
2527,common_voice_en_22027734.wav
2537,common_voice_en_22124247.wav
2550,common_voice_en_22185510.wav
2561,common_voice_en_22078500.wav
2566,common_voice_en_22136583.wav
2566,common_voice_en_22141521.wav
2568,common_voice_en_22281260.wav
2572,common_voice_en_22179059.wav
2572,common_voice_en_22195064.wav
2581,common_voice_en_22259741.wav
2586,common_voice_en_22104521.wav
2607,common_voice_en_22183230.wav
2613,common_voice_en_22179817.wav
2623,common_voice_en_22081824.wav
2648,common_voice_en_22212190.wav
2651,common_voice_en_22120540.wav
2653,common_voice_en_22110937.wav
2657,common_voice_en_22171171.wav
2659,common_voice_en_21946627.wav
2675,common_voice_en_22183847.wav
2680,common_voice_en_22155110.wav
2727,common_voice_en_22064715.wav
2738,common_voice_en_22111343.wav
2753,common_voice_en_22165022.wav
2756,common_voice_en_22160930.wav
2777,common_voice_en_22187273.wav
2782,common_voice_en_22183185.wav
2784,common_voice_en_22237492.wav
2795,common_voice_en_22220103.wav
2798,common_voice_en_22045144.wav
2810,common_voice_en_22079138.wav
2819,common_voice_en_21965351.wav
2853,common_voice_en_22097899.wav
2857,common_voice_en_22126389.wav
2858,common_voice_en_22201379.wav
2876,common_voice_en_22230253.wav
2950,common_voice_en_22111889.wav
2994,common_voice_en_22187943.wav
3079,common_voice_en_22154970.wav
3101,common_voice_en_22168431.wav
3136,common_voice_en_22194311.wav
3144,common_voice_en_22075323.wav
3233,common_voice_en_22224242.wav
3483,common_voice_en_21960322.wav
3500,common_voice_en_22010064.wav
3747,common_voice_en_22224003.wav
4450,common_voice_en_22103149.wav
4493,common_voice_en_22048690.wav
