64,efc5e569_nohash_0.wav
65,26a093e1_nohash_0.wav
77,7014b07e_nohash_2.wav
80,26a093e1_nohash_1.wav
82,7014b07e_nohash_1.wav
86,4874a7e9_nohash_0.wav
94,ee6163d5_nohash_0.wav
96,b44007bc_nohash_0.wav
104,7014b07e_nohash_0.wav
121,8536c82d_nohash_0.wav
127,c37a72d3_nohash_0.wav
154,d0fb9ff4_nohash_0.wav
161,9e44aca3_nohash_0.wav
169,f5c3de1b_nohash_0.wav
182,1c76f5f3_nohash_0.wav
187,5b32733e_nohash_0.wav
188,7318280c_nohash_0.wav
192,6e916de8_nohash_0.wav
205,c41d9052_nohash_0.wav
213,352ffbe3_nohash_0.wav
215,35c29afe_nohash_0.wav
218,8ca3b1db_nohash_0.wav
229,778a4a01_nohash_0.wav
229,c2dccf38_nohash_0.wav
233,22cb56b3_nohash_0.wav
236,ed07d5b7_nohash_1.wav
237,24ad3ebe_nohash_0.wav
242,dbb40d24_nohash_0.wav
245,d84829e0_nohash_1.wav
246,ed032775_nohash_0.wav
250,fde2dee7_nohash_0.wav
252,608473c9_nohash_0.wav
252,c8db14a8_nohash_1.wav
256,574ec766_nohash_0.wav
257,c8db14a8_nohash_0.wav
259,ca4912b6_nohash_0.wav
261,a996cf66_nohash_0.wav
272,8012c69d_nohash_0.wav
277,778a4a01_nohash_1.wav
280,6ace4fe1_nohash_0.wav
282,12623a81_nohash_0.wav
285,c18d8d00_nohash_0.wav
292,70b0ccf4_nohash_0.wav
295,60402b64_nohash_0.wav
304,18ffa72d_nohash_0.wav
311,2aca1e72_nohash_0.wav
311,2aca1e72_nohash_1.wav
311,6ef407da_nohash_0.wav
312,9448c397_nohash_0.wav
315,990ebd1f_nohash_0.wav
318,fb7eb481_nohash_0.wav
320,a928cc5b_nohash_0.wav
321,6347b393_nohash_1.wav
321,845f8553_nohash_0.wav
325,f816db77_nohash_0.wav
331,6a497f80_nohash_0.wav
333,c79159aa_nohash_0.wav
334,a293e285_nohash_0.wav
335,1cc80e39_nohash_2.wav
336,590750e8_nohash_0.wav
336,815f0f03_nohash_1.wav
344,dc7ec25b_nohash_1.wav
347,74551073_nohash_0.wav
348,c71e3acc_nohash_0.wav
348,dc7ec25b_nohash_2.wav
351,4fd1443e_nohash_0.wav
354,8e69dc2f_nohash_0.wav
356,1cc80e39_nohash_3.wav
358,b5935410_nohash_1.wav
358,d0ce2418_nohash_0.wav
364,264f471d_nohash_0.wav
364,61482e52_nohash_0.wav
365,ce7a8e92_nohash_0.wav
367,3d3ddaf8_nohash_0.wav
367,571c044e_nohash_0.wav
376,c71e3acc_nohash_1.wav
377,55463c16_nohash_0.wav
377,b2ae3928_nohash_0.wav
379,1b88bf70_nohash_0.wav
390,d84829e0_nohash_3.wav
391,39a45230_nohash_0.wav
391,94d370bf_nohash_0.wav
392,695c2127_nohash_2.wav
392,b72e58c9_nohash_0.wav
393,e9bc5cc2_nohash_0.wav
394,29dce108_nohash_0.wav
395,6fca237d_nohash_0.wav
395,ace82a68_nohash_0.wav
397,47565088_nohash_1.wav
397,88e90bc1_nohash_0.wav
398,46a153d8_nohash_0.wav
400,1fd85ee4_nohash_0.wav
401,7bae88ed_nohash_3.wav
401,abbfc3b4_nohash_1.wav
403,c351e611_nohash_0.wav
404,bb6d4301_nohash_0.wav
405,0819edb0_nohash_0.wav
405,64df20d8_nohash_0.wav
405,b72e58c9_nohash_1.wav
406,cb2929ce_nohash_0.wav
408,65d14087_nohash_0.wav
408,b4604db4_nohash_0.wav
410,59b98a22_nohash_0.wav
410,ee1d8d49_nohash_0.wav
411,e11fbc6e_nohash_0.wav
413,e41a903b_nohash_0.wav
414,1cc80e39_nohash_1.wav
415,8fe67225_nohash_0.wav
416,ab9b93e4_nohash_0.wav
416,ab9b93e4_nohash_1.wav
416,b69fe0e2_nohash_0.wav
417,aff582a1_nohash_0.wav
420,093f65a1_nohash_0.wav
420,27c24504_nohash_0.wav
423,4e61bf96_nohash_0.wav
423,c885a039_nohash_1.wav
423,d0ce2418_nohash_1.wav
424,1bb6ed89_nohash_0.wav
424,7cf14c54_nohash_0.wav
424,c6a23ff5_nohash_0.wav
425,0165e0e8_nohash_0.wav
426,f428ca69_nohash_0.wav
427,1473be6a_nohash_0.wav
427,9e44aca3_nohash_1.wav
427,b93528e3_nohash_0.wav
429,bcf614a2_nohash_0.wav
429,fa52ddf6_nohash_0.wav
430,1fd85ee4_nohash_1.wav
432,2bdbe5f7_nohash_0.wav
432,4cee0c60_nohash_0.wav
434,c885a039_nohash_2.wav
435,47565088_nohash_0.wav
435,66cff190_nohash_1.wav
436,d84829e0_nohash_2.wav
437,4422e51d_nohash_0.wav
437,5b09db89_nohash_0.wav
439,64da5281_nohash_1.wav
440,e76dd1ce_nohash_0.wav
441,e1936ce8_nohash_0.wav
442,1cbcc7a7_nohash_0.wav
442,4422e51d_nohash_1.wav
442,c885a039_nohash_0.wav
444,4649256f_nohash_0.wav
447,4c3cddb8_nohash_0.wav
447,989a2213_nohash_0.wav
448,1528225c_nohash_0.wav
449,e6515415_nohash_0.wav
450,6124b431_nohash_0.wav
450,982babaf_nohash_0.wav
450,c86d4fd4_nohash_0.wav
452,a5609cce_nohash_0.wav
452,cc6ee39b_nohash_0.wav
453,1473be6a_nohash_1.wav
453,377e916b_nohash_0.wav
454,3847619e_nohash_0.wav
455,45adf84a_nohash_0.wav
455,61e2f74f_nohash_0.wav
455,6a497f80_nohash_1.wav
455,9fac5701_nohash_0.wav
456,3589bc72_nohash_0.wav
457,483e2a6f_nohash_0.wav
459,265bd13a_nohash_0.wav
459,f4cae173_nohash_0.wav
460,95218ce8_nohash_0.wav
461,e5afa9b0_nohash_1.wav
462,03cf93b1_nohash_1.wav
463,fa7895de_nohash_1.wav
464,093f65a1_nohash_1.wav
464,54412eae_nohash_0.wav
465,8134f43f_nohash_0.wav
465,aeb99b1c_nohash_0.wav
466,b544d4fd_nohash_0.wav
468,1a994c9f_nohash_0.wav
468,b8897f1c_nohash_0.wav
469,1e9e6bdd_nohash_0.wav
469,54ad8f22_nohash_0.wav
469,5a98d407_nohash_0.wav
470,23059a35_nohash_0.wav
470,73f20b00_nohash_0.wav
470,ac7840d8_nohash_0.wav
470,e0315cf6_nohash_0.wav
473,4cb874bb_nohash_0.wav
474,1cc80e39_nohash_0.wav
474,611d2b50_nohash_0.wav
474,91942e89_nohash_0.wav
474,b5935410_nohash_0.wav
475,826268f8_nohash_1.wav
476,c1d39ce8_nohash_0.wav
476,c1d39ce8_nohash_1.wav
477,3e3fa7fd_nohash_0.wav
477,5769c5ab_nohash_0.wav
477,d8521ea0_nohash_0.wav
478,483e2a6f_nohash_1.wav
479,37fc5d97_nohash_0.wav
480,7bae88ed_nohash_1.wav
480,83957201_nohash_0.wav
480,c25a032b_nohash_1.wav
482,19e246ad_nohash_1.wav
482,27b9a84f_nohash_0.wav
482,3fdafe25_nohash_0.wav
482,88e85150_nohash_1.wav
482,f875f965_nohash_1.wav
484,5b7cb31f_nohash_0.wav
484,b10b0654_nohash_0.wav
485,3d3ddaf8_nohash_1.wav
486,3983ba0d_nohash_0.wav
486,3b3d2f59_nohash_0.wav
487,876c84d6_nohash_0.wav
487,ed3c2d05_nohash_2.wav
488,dff327c5_nohash_0.wav
489,8e523821_nohash_0.wav
490,4d04f1d1_nohash_0.wav
490,b11a05d2_nohash_0.wav
491,102192fd_nohash_0.wav
491,3bb68054_nohash_0.wav
491,66cff190_nohash_0.wav
491,695c2127_nohash_0.wav
491,c2e08f08_nohash_0.wav
492,bd76a7fd_nohash_0.wav
493,81898f68_nohash_0.wav
493,dce5041a_nohash_0.wav
494,0d90d8e1_nohash_0.wav
495,888a0c49_nohash_0.wav
496,a40c62f1_nohash_0.wav
496,f0ac2522_nohash_0.wav
497,0137b3f4_nohash_0.wav
497,743edf9d_nohash_1.wav
499,3fdafe25_nohash_1.wav
499,a77fbcfd_nohash_0.wav
501,075e38c3_nohash_0.wav
501,c25a032b_nohash_0.wav
502,07363607_nohash_0.wav
502,4b3a7ad5_nohash_1.wav
502,652b3da7_nohash_1.wav
502,837a0f64_nohash_0.wav
503,cfbedff9_nohash_0.wav
503,f5496439_nohash_0.wav
505,042a8dde_nohash_0.wav
505,8769c34c_nohash_0.wav
505,8c3c4715_nohash_0.wav
505,8dd24423_nohash_0.wav
506,ece1a95a_nohash_0.wav
507,53d5b86f_nohash_0.wav
507,c5e3817f_nohash_0.wav
508,179a61b7_nohash_0.wav
508,8c3c4715_nohash_1.wav
508,b59fa113_nohash_0.wav
508,ea1f888c_nohash_0.wav
509,8b775397_nohash_1.wav
509,bfdb9801_nohash_0.wav
509,ed3c2d05_nohash_0.wav
511,229978fd_nohash_0.wav
511,5170b77f_nohash_0.wav
511,ca4d5368_nohash_0.wav
512,591d32f3_nohash_0.wav
512,7f9eb952_nohash_0.wav
513,aa48c94a_nohash_0.wav
514,2356b88d_nohash_0.wav
514,6cc28ce5_nohash_0.wav
514,f4cae173_nohash_2.wav
515,708a9569_nohash_0.wav
515,f822b9bf_nohash_0.wav
516,62605293_nohash_2.wav
517,24befdb3_nohash_0.wav
517,80c45ed6_nohash_2.wav
518,18d120ae_nohash_0.wav
518,616420be_nohash_0.wav
518,dcc012ec_nohash_0.wav
519,324210dd_nohash_0.wav
520,4b3a7ad5_nohash_0.wav
520,5195f0ec_nohash_0.wav
520,82951cf0_nohash_0.wav
520,99081f4d_nohash_0.wav
520,e99d36c8_nohash_0.wav
522,98447c43_nohash_0.wav
522,ac899eb7_nohash_1.wav
523,80c45ed6_nohash_0.wav
523,8b775397_nohash_0.wav
524,62f05757_nohash_0.wav
525,2f813234_nohash_0.wav
525,b93528e3_nohash_1.wav
526,8dc26a15_nohash_1.wav
526,982babaf_nohash_1.wav
526,a8ee11c7_nohash_1.wav
527,652b3da7_nohash_0.wav
528,8ff44869_nohash_0.wav
528,c1e0e8e3_nohash_0.wav
529,1678e6f1_nohash_0.wav
529,1fc04a13_nohash_0.wav
529,1fc04a13_nohash_1.wav
529,7e1054e7_nohash_0.wav
530,6b81fead_nohash_1.wav
532,27b9a84f_nohash_2.wav
532,52e228e9_nohash_0.wav
533,32efce64_nohash_0.wav
533,e6515415_nohash_1.wav
533,f6a380e7_nohash_0.wav
534,64e48f55_nohash_0.wav
534,674ca5ea_nohash_0.wav
534,743edf9d_nohash_0.wav
534,a8e25ebb_nohash_0.wav
534,a929f9b9_nohash_0.wav
534,e5afa9b0_nohash_0.wav
534,fc28c8d8_nohash_3.wav
535,5a9f7324_nohash_1.wav
535,65d81c54_nohash_0.wav
535,99e6cab8_nohash_1.wav
535,b3bb4dd6_nohash_0.wav
535,f4cae173_nohash_1.wav
536,bca56796_nohash_0.wav
537,7622d95b_nohash_0.wav
538,0a5636ca_nohash_1.wav
538,d750966e_nohash_0.wav
539,43691f67_nohash_0.wav
539,8dc18a75_nohash_0.wav
539,cb802c63_nohash_0.wav
540,6301e683_nohash_0.wav
540,92a9c5e6_nohash_0.wav
541,0585b66d_nohash_0.wav
541,977a3be4_nohash_0.wav
541,9f7079fe_nohash_0.wav
541,fde2dee7_nohash_1.wav
543,723efc4c_nohash_0.wav
543,85834399_nohash_1.wav
544,46114b4e_nohash_0.wav
545,5a9f7324_nohash_0.wav
545,7ff085e1_nohash_0.wav
546,0a5636ca_nohash_0.wav
546,61ab8fbc_nohash_0.wav
546,723efc4c_nohash_1.wav
546,7bae88ed_nohash_2.wav
547,29229c21_nohash_0.wav
547,779de043_nohash_0.wav
547,7f74626f_nohash_0.wav
547,ef2a3cfb_nohash_0.wav
547,f875f965_nohash_0.wav
548,3e31dffe_nohash_0.wav
548,650daf8e_nohash_0.wav
548,91ffb786_nohash_0.wav
548,a045368c_nohash_0.wav
548,ab5b211a_nohash_0.wav
549,65d14087_nohash_1.wav
549,97f4c236_nohash_0.wav
550,3c4aa5ef_nohash_0.wav
550,d1bf406b_nohash_0.wav
551,14587ff0_nohash_0.wav
552,3cdecb0b_nohash_0.wav
553,e98cb283_nohash_0.wav
554,bbf38549_nohash_0.wav
555,66cbe2b3_nohash_1.wav
555,815f0f03_nohash_2.wav
556,20fd451f_nohash_0.wav
556,7ff085e1_nohash_2.wav
556,dd086776_nohash_0.wav
557,48a8a69d_nohash_0.wav
557,64da5281_nohash_0.wav
558,27b9a84f_nohash_1.wav
558,89ed36ab_nohash_0.wav
558,97101ef3_nohash_0.wav
558,ac899eb7_nohash_0.wav
558,dabf67d9_nohash_0.wav
559,1d1fe0a0_nohash_0.wav
559,3a929277_nohash_0.wav
559,bed06fac_nohash_0.wav
559,c0e8f5a1_nohash_1.wav
560,01bb6a2a_nohash_0.wav
560,201e28a9_nohash_0.wav
560,815f0f03_nohash_0.wav
560,a591c2ea_nohash_0.wav
561,5744b6a7_nohash_0.wav
561,88e85150_nohash_0.wav
561,8ea6dec6_nohash_0.wav
561,a55105d0_nohash_0.wav
562,542f38a2_nohash_0.wav
562,7ff085e1_nohash_1.wav
562,e5e54cee_nohash_0.wav
564,aef8dcf5_nohash_0.wav
564,b8872c20_nohash_0.wav
565,312d6d81_nohash_0.wav
565,36050ef3_nohash_0.wav
565,42c6fff1_nohash_0.wav
565,8dd24423_nohash_1.wav
565,b41a92a3_nohash_0.wav
565,e04d7130_nohash_0.wav
566,66e8a4ec_nohash_0.wav
567,31601aad_nohash_0.wav
567,d750966e_nohash_1.wav
567,f0ebef1b_nohash_0.wav
568,1a6eca98_nohash_0.wav
568,e95c70e2_nohash_0.wav
569,66276b0e_nohash_0.wav
569,bfdb9801_nohash_1.wav
569,d1bf406b_nohash_1.wav
569,edd8bfe3_nohash_1.wav
570,14c7b073_nohash_0.wav
570,56eb74ae_nohash_0.wav
570,7d86b703_nohash_0.wav
571,3de53d23_nohash_0.wav
571,80c45ed6_nohash_1.wav
572,15574821_nohash_0.wav
573,07de53d3_nohash_0.wav
573,2927c601_nohash_0.wav
574,2b5e346d_nohash_0.wav
574,5d4e3bb8_nohash_1.wav
575,d394ef8e_nohash_0.wav
575,df280250_nohash_0.wav
576,1aeef15e_nohash_0.wav
576,30f31e42_nohash_0.wav
576,ed3c2d05_nohash_1.wav
576,fbe51750_nohash_0.wav
577,85834399_nohash_0.wav
578,8fce59ff_nohash_1.wav
578,eb0676ec_nohash_0.wav
578,ffd2ba2f_nohash_0.wav
579,08ab231c_nohash_0.wav
579,a8ee11c7_nohash_0.wav
580,4f086393_nohash_0.wav
580,5f1b1051_nohash_0.wav
580,ce49cb60_nohash_0.wav
580,d070ea86_nohash_0.wav
580,d53e25ba_nohash_0.wav
581,b29f8b23_nohash_0.wav
582,5195f0ec_nohash_1.wav
582,6a1908f8_nohash_0.wav
584,0d2bcf9d_nohash_0.wav
584,a7216980_nohash_0.wav
584,dc6e9c04_nohash_1.wav
585,ed3c2d05_nohash_3.wav
586,a7200079_nohash_0.wav
587,dabf67d9_nohash_2.wav
587,fc28c8d8_nohash_2.wav
588,b00c4c53_nohash_0.wav
588,f192e6b4_nohash_0.wav
589,a1cff772_nohash_0.wav
590,573cdb8a_nohash_2.wav
590,62605293_nohash_0.wav
590,7910d292_nohash_0.wav
590,d2f4f431_nohash_0.wav
592,32efce64_nohash_1.wav
592,85c5eaa0_nohash_0.wav
592,96a48d28_nohash_0.wav
593,2cf28b70_nohash_0.wav
593,54b6d355_nohash_0.wav
593,7106d229_nohash_0.wav
593,fc28c8d8_nohash_0.wav
593,fce96bac_nohash_0.wav
594,1aeef15e_nohash_1.wav
594,52e228e9_nohash_1.wav
594,617aeb6c_nohash_0.wav
594,6347b393_nohash_0.wav
594,6c968bd9_nohash_0.wav
594,e04d7130_nohash_1.wav
594,ff21fb59_nohash_2.wav
595,256c0a05_nohash_0.wav
595,5e3dde6b_nohash_0.wav
595,5f814c23_nohash_0.wav
595,6af4aa07_nohash_0.wav
597,a759efbc_nohash_0.wav
597,fc28c8d8_nohash_1.wav
598,3f45a0cf_nohash_0.wav
598,af8b2f2c_nohash_0.wav
598,c5570933_nohash_0.wav
598,d3831f6a_nohash_0.wav
599,58df33b5_nohash_0.wav
599,c0445658_nohash_0.wav
599,c5570933_nohash_1.wav
599,e1aa22e4_nohash_1.wav
600,1851e33b_nohash_0.wav
600,42f81601_nohash_0.wav
601,325a0c39_nohash_2.wav
601,6982fc2a_nohash_0.wav
601,99e6cab8_nohash_0.wav
601,99e6cab8_nohash_2.wav
601,a1e71565_nohash_0.wav
601,c5e3817f_nohash_1.wav
601,da584bc0_nohash_0.wav
602,6b81fead_nohash_0.wav
602,74b73f88_nohash_0.wav
602,7d149b38_nohash_0.wav
602,bbb2eb5b_nohash_0.wav
603,0943c746_nohash_0.wav
603,0ba018fc_nohash_0.wav
603,6a1908f8_nohash_1.wav
603,a9ca1818_nohash_0.wav
603,fb2f3242_nohash_2.wav
604,be7a5b2d_nohash_0.wav
605,00176480_nohash_0.wav
605,dc6e9c04_nohash_0.wav
606,026290a7_nohash_0.wav
606,db9cd41d_nohash_1.wav
607,4a1e736b_nohash_0.wav
607,69a1a79f_nohash_0.wav
607,71f6fed7_nohash_0.wav
608,3cdecb0b_nohash_1.wav
608,3ec05c3d_nohash_0.wav
609,0b7ee1a0_nohash_0.wav
609,15dd287d_nohash_0.wav
609,850e2222_nohash_1.wav
610,105a0eea_nohash_0.wav
610,b66f4f93_nohash_0.wav
611,57b38f48_nohash_0.wav
612,3a53b856_nohash_0.wav
612,e102119e_nohash_1.wav
612,e4be0cf6_nohash_0.wav
612,f5d09ebd_nohash_0.wav
613,02e42bed_nohash_0.wav
613,5744b6a7_nohash_1.wav
613,95ba4996_nohash_0.wav
613,ecbd8d66_nohash_1.wav
614,1d1fe0a0_nohash_1.wav
614,2aec99ec_nohash_1.wav
614,2e30f9a5_nohash_0.wav
614,b2e2773a_nohash_0.wav
614,c137814b_nohash_1.wav
615,03cf93b1_nohash_0.wav
615,840eab5a_nohash_0.wav
615,e8c3c5ca_nohash_0.wav
615,ecef25ba_nohash_0.wav
615,f5733968_nohash_0.wav
616,20174140_nohash_0.wav
616,74b73f88_nohash_1.wav
616,7ea032f3_nohash_0.wav
616,b528edb3_nohash_0.wav
617,0b57a6ed_nohash_0.wav
617,71bf8f48_nohash_0.wav
617,e9b61425_nohash_0.wav
618,508e30ee_nohash_0.wav
618,ec32860c_nohash_0.wav
619,1efdf53f_nohash_0.wav
619,3ec05c3d_nohash_1.wav
619,533c6564_nohash_1.wav
619,bfaf2000_nohash_0.wav
619,caa4779f_nohash_0.wav
621,24a3e589_nohash_0.wav
622,7bae88ed_nohash_0.wav
622,7c2a3fa4_nohash_0.wav
622,850e2222_nohash_0.wav
622,abbfc3b4_nohash_0.wav
623,adebe223_nohash_0.wav
623,cab100c9_nohash_0.wav
623,dabf67d9_nohash_1.wav
623,f0ae7203_nohash_0.wav
624,30137d34_nohash_0.wav
624,30aabd44_nohash_0.wav
624,cee22275_nohash_0.wav
625,682e1687_nohash_0.wav
625,ba770f9b_nohash_0.wav
625,f8ba7c0e_nohash_0.wav
626,4e99c1b7_nohash_0.wav
626,5087f68b_nohash_0.wav
626,9e42ae25_nohash_0.wav
627,695c2127_nohash_1.wav
627,72242187_nohash_0.wav
627,bbaa7946_nohash_0.wav
627,db24628d_nohash_0.wav
628,73af0c50_nohash_1.wav
628,91cdef62_nohash_0.wav
628,97101ef3_nohash_1.wav
628,db9d52d2_nohash_0.wav
629,413bcfe1_nohash_0.wav
629,8dc26a15_nohash_0.wav
630,5f8e50a0_nohash_0.wav
630,9a7c1f83_nohash_0.wav
630,9a7c1f83_nohash_1.wav
630,da4ef063_nohash_0.wav
630,ec989d6d_nohash_0.wav
631,a879a2c3_nohash_1.wav
632,e1aa22e4_nohash_2.wav
632,f2e9b610_nohash_0.wav
633,0d2bcf9d_nohash_1.wav
633,12c206ea_nohash_0.wav
633,2313e093_nohash_1.wav
633,3fb8c268_nohash_0.wav
633,837f7378_nohash_0.wav
633,bed06fac_nohash_1.wav
634,1b459024_nohash_0.wav
634,a73be046_nohash_0.wav
634,c22ebf46_nohash_0.wav
634,e4200516_nohash_0.wav
634,e72aa705_nohash_0.wav
635,5db0e146_nohash_1.wav
635,cb802c63_nohash_1.wav
635,fb2f3242_nohash_0.wav
636,190821dc_nohash_0.wav
636,51f4d5b0_nohash_1.wav
636,9a2e5b3c_nohash_0.wav
636,b5eb4f9b_nohash_0.wav
636,bf5d409d_nohash_0.wav
636,da040491_nohash_0.wav
636,f292725f_nohash_0.wav
637,29b81b73_nohash_0.wav
637,8fce59ff_nohash_0.wav
638,7b2e879e_nohash_0.wav
639,0e6e36c9_nohash_0.wav
639,e49428d9_nohash_0.wav
640,25040e85_nohash_0.wav
640,27c30960_nohash_0.wav
640,682e1687_nohash_1.wav
640,6c0f6493_nohash_0.wav
640,8281a2a8_nohash_0.wav
641,0d97f020_nohash_0.wav
642,050170cb_nohash_0.wav
642,2250f5f2_nohash_1.wav
642,520e8c0e_nohash_0.wav
642,72e382bd_nohash_0.wav
642,cd7f8c1b_nohash_0.wav
643,6071a214_nohash_2.wav
643,d0858dce_nohash_0.wav
643,e1aa22e4_nohash_0.wav
643,e3b64217_nohash_0.wav
644,173ce2be_nohash_0.wav
644,735845ab_nohash_0.wav
645,0a7c2a8d_nohash_0.wav
645,1995cf9e_nohash_0.wav
645,257251e0_nohash_0.wav
645,6071a214_nohash_1.wav
645,ad6a46f1_nohash_1.wav
645,af7a8296_nohash_0.wav
645,e6327279_nohash_0.wav
645,fc3ba625_nohash_0.wav
646,1b5ba788_nohash_0.wav
646,2275edbb_nohash_0.wav
647,3a70ab7f_nohash_2.wav
647,41dce6f5_nohash_0.wav
647,cd671b5f_nohash_0.wav
647,f2f0d244_nohash_0.wav
647,fb2f3242_nohash_1.wav
648,0135f3f2_nohash_0.wav
648,6af4aa07_nohash_1.wav
648,d1a4fb3f_nohash_2.wav
649,a7acbbeb_nohash_0.wav
650,55feffd5_nohash_0.wav
650,da8fa823_nohash_0.wav
650,ff2b842e_nohash_0.wav
651,4f086393_nohash_1.wav
651,73cccfaf_nohash_0.wav
651,77f185d3_nohash_1.wav
651,80f056c0_nohash_0.wav
651,964e8cfd_nohash_0.wav
651,b46e8153_nohash_0.wav
651,fa7895de_nohash_0.wav
652,1acc97de_nohash_0.wav
652,2e8c59f7_nohash_1.wav
652,96c66ab7_nohash_0.wav
652,f9af823e_nohash_2.wav
653,1c50d874_nohash_0.wav
653,beb458a4_nohash_0.wav
653,e9323bd9_nohash_0.wav
654,31d31fa0_nohash_0.wav
654,5a5721f8_nohash_0.wav
654,656e8bb3_nohash_0.wav
654,66276b0e_nohash_1.wav
654,f68160c0_nohash_0.wav
655,840eab5a_nohash_1.wav
655,90e72357_nohash_0.wav
655,9c24bc76_nohash_1.wav
655,a4383927_nohash_0.wav
656,3a3ee7ed_nohash_0.wav
656,43b85b64_nohash_0.wav
656,93ec8b84_nohash_0.wav
656,ec201020_nohash_0.wav
657,656e8bb3_nohash_1.wav
657,b3bdded5_nohash_0.wav
657,bdb26021_nohash_0.wav
658,3b195250_nohash_0.wav
658,850e2222_nohash_2.wav
659,472b8045_nohash_0.wav
659,850e2222_nohash_3.wav
659,9aa21fa9_nohash_0.wav
659,efa16ffd_nohash_0.wav
660,833d9f56_nohash_0.wav
660,b5aacf2c_nohash_1.wav
660,ceaadb24_nohash_0.wav
661,0ea9c8ce_nohash_0.wav
661,41dce6f5_nohash_1.wav
661,6940f7f3_nohash_0.wav
661,79b37d3a_nohash_0.wav
661,d0f7bef5_nohash_2.wav
661,ede2f4ee_nohash_0.wav
662,578d3efb_nohash_0.wav
662,863880b7_nohash_0.wav
662,a583c5b0_nohash_0.wav
662,d8a5ace5_nohash_0.wav
662,ff21fb59_nohash_0.wav
662,ff21fb59_nohash_1.wav
663,12529547_nohash_0.wav
663,365531e2_nohash_0.wav
663,6aa8def4_nohash_0.wav
663,82d0d3ba_nohash_0.wav
663,87c62767_nohash_0.wav
663,da5e685e_nohash_0.wav
664,2e8c59f7_nohash_0.wav
664,72d75d96_nohash_0.wav
664,f568162b_nohash_0.wav
665,042ea76c_nohash_1.wav
665,d37e4bf1_nohash_0.wav
665,da7689f1_nohash_0.wav
666,1a6eca98_nohash_1.wav
666,6071a214_nohash_0.wav
667,2313e093_nohash_0.wav
667,dc269564_nohash_0.wav
668,042ea76c_nohash_0.wav
668,0717b9f6_nohash_0.wav
668,1851e33b_nohash_1.wav
668,1b63157b_nohash_0.wav
668,92521ccc_nohash_0.wav
668,bc196f81_nohash_1.wav
669,ad63d93c_nohash_0.wav
669,c87a578d_nohash_0.wav
669,e0a7c5a0_nohash_0.wav
670,1afd49bf_nohash_0.wav
670,333d7ddb_nohash_0.wav
670,fa57ab3b_nohash_0.wav
671,19e246ad_nohash_0.wav
671,525eaa62_nohash_0.wav
671,85851131_nohash_0.wav
672,39543cfd_nohash_1.wav
672,55feffd5_nohash_1.wav
672,7cfb1618_nohash_0.wav
672,e7334395_nohash_1.wav
673,00176480_nohash_1.wav
673,1d919a90_nohash_0.wav
673,325a0c39_nohash_1.wav
673,a19452d5_nohash_1.wav
674,418e7158_nohash_0.wav
674,676f8138_nohash_0.wav
674,82c6d220_nohash_3.wav
674,a1c63f25_nohash_1.wav
674,cd3331a6_nohash_1.wav
675,338dacf5_nohash_1.wav
675,af8b2f2c_nohash_1.wav
675,be91a00a_nohash_1.wav
675,ff21fb59_nohash_3.wav
676,0a196374_nohash_0.wav
676,412c675c_nohash_0.wav
676,6a1908f8_nohash_2.wav
676,8781f4c1_nohash_0.wav
677,f88f97a7_nohash_0.wav
678,76e53db9_nohash_0.wav
678,a97017df_nohash_0.wav
679,0cb74144_nohash_0.wav
679,2bd2cad5_nohash_0.wav
680,adec6a94_nohash_0.wav
680,fbdc07bb_nohash_0.wav
682,012c8314_nohash_0.wav
682,321aba74_nohash_0.wav
682,5a3712c9_nohash_0.wav
682,5ef35194_nohash_0.wav
682,654772d3_nohash_0.wav
682,6add0595_nohash_1.wav
682,bfaf2000_nohash_1.wav
683,978240e1_nohash_0.wav
683,de89e2ca_nohash_0.wav
684,099d52ad_nohash_0.wav
684,890cc926_nohash_0.wav
684,9ce7a419_nohash_0.wav
684,ed07d5b7_nohash_0.wav
685,2e30f9a5_nohash_1.wav
685,40b60ae9_nohash_0.wav
685,6ef76186_nohash_0.wav
685,82c6d220_nohash_1.wav
685,91bed2e0_nohash_0.wav
685,ba676390_nohash_2.wav
685,d5b963aa_nohash_0.wav
686,2fa39636_nohash_0.wav
686,3389305e_nohash_1.wav
686,5d0ab165_nohash_0.wav
686,654772d3_nohash_1.wav
686,92b0a735_nohash_0.wav
686,d1a4fb3f_nohash_1.wav
686,fffcabd1_nohash_1.wav
687,4c6167ca_nohash_0.wav
687,4c6167ca_nohash_1.wav
687,62605293_nohash_1.wav
687,d4d898d7_nohash_2.wav
687,fb9d6d23_nohash_0.wav
688,73cccfaf_nohash_1.wav
688,adec6a94_nohash_1.wav
688,c2df23b2_nohash_0.wav
688,e0611c84_nohash_0.wav
688,e57d35bc_nohash_0.wav
689,151bfb79_nohash_0.wav
689,893b3c11_nohash_0.wav
689,b1edd209_nohash_0.wav
689,cae62f38_nohash_2.wav
689,d107dc42_nohash_0.wav
690,57b68383_nohash_0.wav
690,6cf5459b_nohash_0.wav
691,31583d30_nohash_0.wav
691,3e2ba5f7_nohash_1.wav
692,1816b768_nohash_0.wav
692,68effe85_nohash_0.wav
692,6a27a9bf_nohash_0.wav
692,a7dd45cf_nohash_0.wav
693,1995cf9e_nohash_1.wav
693,471a0925_nohash_0.wav
693,d0ce2418_nohash_2.wav
694,72be9202_nohash_0.wav
694,ea7ca285_nohash_2.wav
695,2a0b413e_nohash_0.wav
695,80768fa5_nohash_0.wav
696,173ae793_nohash_0.wav
696,6c9223bd_nohash_2.wav
696,78622c2b_nohash_0.wav
696,d5dd88da_nohash_0.wav
696,dedc7fab_nohash_0.wav
697,589bce2c_nohash_0.wav
697,a879a2c3_nohash_0.wav
697,f798ac78_nohash_0.wav
698,113b3fbc_nohash_0.wav
698,17cc40ee_nohash_1.wav
698,91b03183_nohash_0.wav
699,322d17d3_nohash_0.wav
699,68effe85_nohash_1.wav
699,8781f4c1_nohash_1.wav
699,f9af823e_nohash_0.wav
700,338dacf5_nohash_0.wav
700,dbb7723a_nohash_0.wav
701,57b68383_nohash_1.wav
701,7211390b_nohash_0.wav
701,8a0457c9_nohash_0.wav
701,951cac20_nohash_0.wav
702,5db0e146_nohash_0.wav
702,a69b9b3e_nohash_0.wav
702,bc196f81_nohash_0.wav
702,cc8b3228_nohash_0.wav
702,d0f7bef5_nohash_0.wav
702,e2362167_nohash_0.wav
703,1b755c65_nohash_1.wav
703,2a1f4853_nohash_0.wav
703,63f7a489_nohash_0.wav
703,a04817c2_nohash_0.wav
703,a2fefcb4_nohash_1.wav
704,1890e5c3_nohash_0.wav
704,39543cfd_nohash_0.wav
704,5ebc1cda_nohash_0.wav
704,a2fefcb4_nohash_0.wav
704,db9cd41d_nohash_0.wav
704,fe5c4a7a_nohash_0.wav
705,1093c8e7_nohash_0.wav
705,44bc77f7_nohash_0.wav
705,65d81c54_nohash_1.wav
705,a13e0a74_nohash_0.wav
705,b69002d4_nohash_0.wav
705,de08912f_nohash_1.wav
706,3a70ab7f_nohash_1.wav
706,5fb88f4c_nohash_0.wav
706,f84762e5_nohash_0.wav
707,cd997d46_nohash_0.wav
708,34d5aa5a_nohash_0.wav
708,5c8af87a_nohash_0.wav
708,6bf5baf3_nohash_0.wav
708,c601833f_nohash_0.wav
708,e3411931_nohash_1.wav
708,f5496439_nohash_1.wav
709,50ed8a7b_nohash_1.wav
709,d71ad617_nohash_0.wav
710,15c563d7_nohash_0.wav
710,5af0ca83_nohash_1.wav
710,a13e0a74_nohash_1.wav
710,a2b16113_nohash_1.wav
710,eee5e541_nohash_0.wav
711,15574821_nohash_2.wav
711,f9af823e_nohash_1.wav
712,126a31d2_nohash_1.wav
712,15574821_nohash_1.wav
712,5f9cd2eb_nohash_0.wav
712,d312f481_nohash_0.wav
712,fbb56351_nohash_0.wav
713,7846fd85_nohash_0.wav
713,b4aa9fef_nohash_0.wav
713,f9643d42_nohash_0.wav
714,300384f0_nohash_1.wav
714,3a789a0d_nohash_5.wav
714,6094340e_nohash_0.wav
714,de4f7798_nohash_0.wav
714,e82914c0_nohash_0.wav
715,9e075bf1_nohash_0.wav
715,c5c60d8d_nohash_0.wav
716,1625acd8_nohash_0.wav
716,8e05039f_nohash_0.wav
716,91cdef62_nohash_2.wav
716,b49caed3_nohash_0.wav
716,f30285c8_nohash_0.wav
717,9a76f8c3_nohash_0.wav
717,a3255f5c_nohash_0.wav
717,d1a4fb3f_nohash_0.wav
717,dfdabe19_nohash_0.wav
717,eb3f7d82_nohash_0.wav
717,fbb2f6cc_nohash_0.wav
718,31d31fa0_nohash_1.wav
718,82c6d220_nohash_0.wav
718,a62f807b_nohash_0.wav
718,ce0cb033_nohash_0.wav
718,e0611c84_nohash_1.wav
719,34881b10_nohash_0.wav
719,3e2ba5f7_nohash_0.wav
719,5d0ab165_nohash_1.wav
719,77f185d3_nohash_0.wav
719,bdb90d38_nohash_0.wav
720,173e6bbf_nohash_0.wav
720,51f4d5b0_nohash_0.wav
720,7213ed54_nohash_0.wav
720,9e46cfa1_nohash_0.wav
720,bf70feda_nohash_0.wav
720,d84829e0_nohash_0.wav
721,1625acd8_nohash_1.wav
721,2be08ce4_nohash_0.wav
721,afe0b87d_nohash_0.wav
721,df6bd83f_nohash_1.wav
722,4beff0c5_nohash_0.wav
722,9d7036f9_nohash_0.wav
722,c0e8f5a1_nohash_0.wav
722,ee23b031_nohash_0.wav
722,ef2a3cfb_nohash_1.wav
722,f2dd248e_nohash_0.wav
723,b575b5fb_nohash_0.wav
723,c578beb0_nohash_0.wav
723,cc592808_nohash_0.wav
724,3a70ab7f_nohash_0.wav
724,3aa6f4e2_nohash_1.wav
724,99e6cab8_nohash_3.wav
724,c2aeb59d_nohash_0.wav
724,ccb1266b_nohash_0.wav
725,17cc40ee_nohash_0.wav
725,1eddce1d_nohash_0.wav
725,1eddce1d_nohash_1.wav
725,9785931e_nohash_1.wav
725,ae5578f4_nohash_0.wav
725,f19279c4_nohash_0.wav
726,23abe1c9_nohash_1.wav
726,3659fc1c_nohash_0.wav
726,7fc74fbe_nohash_0.wav
726,f01a0d63_nohash_0.wav
726,fbdc07bb_nohash_1.wav
727,10c6d873_nohash_0.wav
727,1ecfb537_nohash_0.wav
727,de3fe344_nohash_0.wav
728,01b4757a_nohash_0.wav
728,4c13fe25_nohash_0.wav
728,db43cd03_nohash_1.wav
728,ef3367d9_nohash_0.wav
728,ef3367d9_nohash_1.wav
729,017c4098_nohash_0.wav
729,2b715941_nohash_1.wav
729,8d5d076d_nohash_0.wav
729,e4a2cf79_nohash_1.wav
729,f2898d06_nohash_0.wav
730,01b4757a_nohash_2.wav
730,402e2977_nohash_0.wav
730,66cbe2b3_nohash_0.wav
730,a19452d5_nohash_0.wav
730,a7dd45cf_nohash_1.wav
730,bc065a17_nohash_0.wav
730,e0611c84_nohash_2.wav
731,41777abb_nohash_1.wav
731,a583c5b0_nohash_1.wav
732,87eff300_nohash_0.wav
732,8d9cc260_nohash_0.wav
732,9785931e_nohash_0.wav
732,dcbfe008_nohash_0.wav
733,069ab0d5_nohash_0.wav
733,199da2bf_nohash_0.wav
733,bbd0bbd0_nohash_0.wav
733,ceef6d96_nohash_0.wav
733,e3e49931_nohash_0.wav
733,ecbd8d66_nohash_0.wav
734,1c84a139_nohash_0.wav
734,cc3b5b62_nohash_0.wav
734,e9abfe31_nohash_0.wav
735,c4cfbe43_nohash_0.wav
735,e7ebf59c_nohash_0.wav
736,01b4757a_nohash_1.wav
736,1b755c65_nohash_0.wav
736,db43cd03_nohash_0.wav
737,1b88bf70_nohash_2.wav
737,23abe1c9_nohash_0.wav
737,50f55535_nohash_1.wav
737,ad1429cf_nohash_0.wav
737,e7334395_nohash_0.wav
738,28ed6bc9_nohash_0.wav
738,6f3458b3_nohash_0.wav
738,70a00e98_nohash_0.wav
738,ad6a46f1_nohash_0.wav
738,bf70feda_nohash_1.wav
738,f736ab63_nohash_0.wav
739,161fcca8_nohash_0.wav
739,4d9e07cf_nohash_0.wav
739,8b25410a_nohash_0.wav
739,c4cfbe43_nohash_1.wav
740,2c7c33e8_nohash_0.wav
740,6727b579_nohash_0.wav
740,e8b6f6fe_nohash_1.wav
741,6823565f_nohash_0.wav
741,be91a00a_nohash_0.wav
741,d1dd03ed_nohash_0.wav
741,dc7ec25b_nohash_0.wav
742,82c6d220_nohash_2.wav
742,dedc7fab_nohash_1.wav
743,5af0ca83_nohash_0.wav
743,d0faf7e4_nohash_0.wav
743,f638a812_nohash_0.wav
743,ff4ed4f3_nohash_0.wav
744,6e74c582_nohash_0.wav
744,9f92fb7c_nohash_0.wav
744,dabd70c2_nohash_0.wav
745,551e42e8_nohash_2.wav
745,96cd0255_nohash_0.wav
745,f17d21b5_nohash_0.wav
746,64574a99_nohash_0.wav
746,88f3719f_nohash_0.wav
746,9cde5de8_nohash_1.wav
746,a74f3917_nohash_0.wav
746,c137814b_nohash_0.wav
747,012c8314_nohash_1.wav
747,6021f08b_nohash_0.wav
748,8ec6dab6_nohash_0.wav
748,92b0a735_nohash_1.wav
748,a2cc5444_nohash_0.wav
748,b414c653_nohash_0.wav
748,bc065a17_nohash_1.wav
749,61d3e51e_nohash_0.wav
749,8c780627_nohash_0.wav
749,caa4779f_nohash_1.wav
750,118261a9_nohash_0.wav
750,bab36420_nohash_0.wav
750,cc554de3_nohash_0.wav
751,773e26f7_nohash_0.wav
751,d933bf5e_nohash_0.wav
752,3ed3e49a_nohash_0.wav
752,85ac0c1b_nohash_0.wav
752,8aa35b0c_nohash_0.wav
752,db72a474_nohash_0.wav
753,87c62767_nohash_1.wav
754,2250f5f2_nohash_0.wav
754,57152045_nohash_0.wav
754,c68b2763_nohash_0.wav
754,eaa83485_nohash_0.wav
755,cf87b736_nohash_0.wav
755,f9273a21_nohash_0.wav
756,587f3271_nohash_0.wav
756,6add0595_nohash_0.wav
757,9c59dd28_nohash_0.wav
758,5e033479_nohash_1.wav
758,789e4ee7_nohash_0.wav
759,90b94017_nohash_0.wav
760,1b88bf70_nohash_1.wav
760,220ee1ef_nohash_0.wav
760,a5527c48_nohash_0.wav
760,f035e2ea_nohash_0.wav
761,6c9223bd_nohash_1.wav
761,83c9e7e6_nohash_0.wav
761,b80d6c5e_nohash_0.wav
762,2cf28b70_nohash_1.wav
762,e39a8ddc_nohash_0.wav
762,eb3d8eb1_nohash_0.wav
763,1aed7c6d_nohash_0.wav
763,1ba20be2_nohash_1.wav
763,50ed8a7b_nohash_0.wav
763,a2b16113_nohash_0.wav
764,0a9f9af7_nohash_2.wav
764,0b09edd3_nohash_0.wav
764,1afd49bf_nohash_1.wav
764,541120c7_nohash_0.wav
764,acfd5b5e_nohash_0.wav
764,fb495c43_nohash_1.wav
765,2aec99ec_nohash_0.wav
766,1df99a8a_nohash_1.wav
766,71d0ded4_nohash_0.wav
766,7ca023e2_nohash_0.wav
766,e20be42a_nohash_1.wav
766,ea7ca285_nohash_0.wav
767,93f30cc4_nohash_2.wav
767,a4ca3afe_nohash_0.wav
767,c1cc6e95_nohash_0.wav
767,caf9fceb_nohash_0.wav
767,ea7ca285_nohash_1.wav
768,81332c92_nohash_0.wav
768,ab353673_nohash_0.wav
768,da1d320c_nohash_0.wav
769,122c5aa7_nohash_0.wav
769,3da7f617_nohash_0.wav
769,8601f33b_nohash_1.wav
769,92e17cc4_nohash_0.wav
769,ec7d1151_nohash_0.wav
770,422d3197_nohash_1.wav
770,4d463b96_nohash_0.wav
770,9ff1b8b6_nohash_0.wav
771,016e2c6d_nohash_1.wav
771,518588b6_nohash_0.wav
772,4995d875_nohash_0.wav
772,6d0ad764_nohash_0.wav
772,99fad6a0_nohash_0.wav
772,b76f6088_nohash_0.wav
772,c245d3d7_nohash_0.wav
772,cc554de3_nohash_1.wav
773,2a89ad5c_nohash_0.wav
773,c120e80e_nohash_0.wav
774,16db1582_nohash_0.wav
774,9ef5db3c_nohash_0.wav
774,bb05582b_nohash_0.wav
776,5677ec77_nohash_0.wav
776,cce7416f_nohash_0.wav
776,cce7416f_nohash_1.wav
776,cce7416f_nohash_2.wav
776,cce7416f_nohash_3.wav
777,3108acca_nohash_0.wav
777,91cdef62_nohash_1.wav
777,dae01802_nohash_0.wav
779,118261a9_nohash_1.wav
779,65846c5f_nohash_0.wav
780,26e573a9_nohash_0.wav
780,573cdb8a_nohash_1.wav
780,a1533da4_nohash_1.wav
780,d7559b2d_nohash_0.wav
781,079d1020_nohash_0.wav
781,22296dbe_nohash_0.wav
781,9c24bc76_nohash_0.wav
782,2f666bb2_nohash_0.wav
782,9ce7a419_nohash_1.wav
782,cdee383b_nohash_0.wav
783,016e2c6d_nohash_0.wav
783,422d3197_nohash_0.wav
783,63f042c6_nohash_0.wav
783,7add4c5f_nohash_0.wav
783,d0f7bef5_nohash_1.wav
784,3bc21161_nohash_0.wav
784,50f55535_nohash_0.wav
784,5b26c81b_nohash_0.wav
784,5d4e3bb8_nohash_0.wav
784,f1b35ace_nohash_1.wav
785,fb495c43_nohash_0.wav
786,28e47b1a_nohash_0.wav
786,39c13eed_nohash_0.wav
786,460f2bad_nohash_0.wav
786,97addd88_nohash_0.wav
786,b089169d_nohash_0.wav
787,2c727642_nohash_0.wav
787,37bd115d_nohash_0.wav
787,3b4f8f24_nohash_0.wav
787,67961766_nohash_1.wav
787,f5e5e8b0_nohash_0.wav
788,7192fddc_nohash_0.wav
788,a0f93943_nohash_0.wav
788,a5d1becc_nohash_0.wav
789,bdee441c_nohash_0.wav
789,c245d3d7_nohash_1.wav
790,541120c7_nohash_1.wav
790,54aecbd5_nohash_0.wav
790,9be15e93_nohash_0.wav
790,fb727898_nohash_0.wav
791,4f8ef132_nohash_0.wav
791,6565a81d_nohash_0.wav
792,3a789a0d_nohash_2.wav
792,89e59d18_nohash_1.wav
792,9b8a7439_nohash_0.wav
792,f21893dc_nohash_0.wav
793,1e02ffc5_nohash_0.wav
793,4407ba92_nohash_0.wav
793,475b61f1_nohash_0.wav
793,78622c2b_nohash_1.wav
793,879a2b38_nohash_0.wav
793,d264f7b6_nohash_0.wav
793,e77d88fc_nohash_0.wav
794,5d9bb361_nohash_0.wav
794,a2fefcb4_nohash_2.wav
795,5e033479_nohash_0.wav
795,c90c0105_nohash_0.wav
795,d4082f3e_nohash_0.wav
795,e57abea3_nohash_1.wav
795,f1d36c53_nohash_1.wav
796,364f979f_nohash_1.wav
796,62b7c848_nohash_1.wav
796,adec6a94_nohash_2.wav
796,b87bdb22_nohash_0.wav
797,8c888bbb_nohash_0.wav
797,c8771f88_nohash_0.wav
797,d4d898d7_nohash_1.wav
797,e900b652_nohash_0.wav
798,7f581e94_nohash_0.wav
798,840c366d_nohash_0.wav
798,85c60942_nohash_0.wav
798,ca6d5cd1_nohash_0.wav
798,cb62dbf1_nohash_0.wav
798,ee28caac_nohash_0.wav
799,0b09edd3_nohash_1.wav
799,41285056_nohash_0.wav
799,caa7feaf_nohash_0.wav
800,1e4064b8_nohash_1.wav
800,ad1429cf_nohash_1.wav
800,b5552931_nohash_0.wav
800,f1d36c53_nohash_2.wav
801,462e1919_nohash_0.wav
801,6f5b4d3d_nohash_0.wav
801,c4e1f6e0_nohash_0.wav
801,c9e251d2_nohash_0.wav
801,ea9f8e11_nohash_0.wav
802,30137d34_nohash_1.wav
802,6b889021_nohash_1.wav
802,7d5f87c8_nohash_1.wav
802,97f493b9_nohash_0.wav
802,cf8d91cf_nohash_0.wav
802,fcb25a78_nohash_0.wav
803,02746d24_nohash_0.wav
803,2b715941_nohash_0.wav
803,4a803e67_nohash_1.wav
803,97addd88_nohash_1.wav
803,d952a17e_nohash_1.wav
803,fda46b78_nohash_0.wav
804,18e910f4_nohash_0.wav
804,a16013b7_nohash_0.wav
805,14df1e28_nohash_0.wav
805,380abbad_nohash_1.wav
805,8fe52b97_nohash_1.wav
805,b0d061c5_nohash_0.wav
806,6cb6eee7_nohash_0.wav
806,cd3331a6_nohash_0.wav
807,2c727642_nohash_1.wav
807,acfd3bc3_nohash_0.wav
807,d4d898d7_nohash_0.wav
809,0685264e_nohash_0.wav
809,513aeddf_nohash_0.wav
809,f2a90886_nohash_0.wav
810,1df99a8a_nohash_0.wav
810,41777abb_nohash_2.wav
810,d7529c0c_nohash_0.wav
810,df6bd83f_nohash_0.wav
811,82e7204d_nohash_1.wav
811,e102119e_nohash_0.wav
811,f19c1390_nohash_0.wav
811,f45fcf9a_nohash_0.wav
812,48bfde8e_nohash_0.wav
812,85b877b5_nohash_1.wav
812,a434d52e_nohash_0.wav
812,b83c1acf_nohash_0.wav
812,f21893dc_nohash_1.wav
813,17cc40ee_nohash_2.wav
813,338dacf5_nohash_2.wav
813,69953f48_nohash_0.wav
813,97ae8b25_nohash_0.wav
813,a1533da4_nohash_0.wav
814,e20be42a_nohash_0.wav
814,f2dd248e_nohash_1.wav
815,3ed3e49a_nohash_1.wav
815,53d5b86f_nohash_1.wav
816,0a9f9af7_nohash_1.wav
816,21cbe292_nohash_0.wav
816,9dc1889e_nohash_0.wav
817,9cde5de8_nohash_0.wav
817,afabfa0e_nohash_0.wav
817,cfde27ba_nohash_0.wav
818,01d22d03_nohash_0.wav
818,66774579_nohash_0.wav
819,605ed0ff_nohash_0.wav
819,89e59d18_nohash_0.wav
819,937b433e_nohash_1.wav
819,93f30cc4_nohash_0.wav
819,d21fd169_nohash_0.wav
819,e4a2cf79_nohash_2.wav
819,ffa76c4a_nohash_0.wav
820,ba676390_nohash_3.wav
820,db9cfc88_nohash_0.wav
820,e57abea3_nohash_0.wav
821,16db1582_nohash_1.wav
821,dca2797e_nohash_0.wav
821,f88f97a7_nohash_1.wav
822,7add4c5f_nohash_1.wav
822,b2fbe484_nohash_0.wav
823,23da904f_nohash_0.wav
823,d3f22f0e_nohash_0.wav
823,e14d3db8_nohash_0.wav
823,f0659908_nohash_0.wav
824,24cab2cb_nohash_0.wav
824,3389305e_nohash_0.wav
824,6d7af359_nohash_0.wav
825,3a789a0d_nohash_3.wav
825,5f1b1051_nohash_1.wav
825,8353fea1_nohash_0.wav
825,a84dee7b_nohash_0.wav
826,016e2c6d_nohash_2.wav
826,1daa5ada_nohash_0.wav
826,2f666bb2_nohash_1.wav
826,71904de3_nohash_0.wav
827,195c120a_nohash_0.wav
827,c634a189_nohash_0.wav
827,e4a2cf79_nohash_0.wav
828,827421c4_nohash_0.wav
828,c7aa72e6_nohash_1.wav
829,4a803e67_nohash_2.wav
829,cc592808_nohash_1.wav
830,2d327bc8_nohash_0.wav
830,325a0c39_nohash_0.wav
830,3a789a0d_nohash_4.wav
830,551e42e8_nohash_0.wav
830,5f5eef60_nohash_0.wav
831,126a31d2_nohash_2.wav
831,197f4153_nohash_0.wav
831,573cdb8a_nohash_0.wav
831,a80f9f53_nohash_0.wav
831,f297e878_nohash_1.wav
832,8e884ec4_nohash_1.wav
833,d7559b2d_nohash_1.wav
833,e8b6f6fe_nohash_0.wav
834,300384f0_nohash_0.wav
834,87728a88_nohash_0.wav
834,b2fbe484_nohash_2.wav
835,31e686d2_nohash_0.wav
835,826268f8_nohash_0.wav
835,97ae8b25_nohash_1.wav
835,b84f83d2_nohash_0.wav
836,135c6841_nohash_0.wav
836,81dc4a94_nohash_0.wav
836,e269bac0_nohash_1.wav
837,435695e3_nohash_0.wav
837,f297e878_nohash_0.wav
838,9735764a_nohash_0.wav
838,d78858d9_nohash_1.wav
838,e1469561_nohash_0.wav
839,03c96658_nohash_1.wav
839,069ab0d5_nohash_1.wav
839,3c8836dc_nohash_0.wav
839,9151f184_nohash_0.wav
839,a8688b67_nohash_0.wav
839,c4e00ee9_nohash_0.wav
839,cae62f38_nohash_0.wav
840,59fe87e6_nohash_0.wav
840,a1c63f25_nohash_0.wav
840,cb72dfb6_nohash_0.wav
840,e91d173e_nohash_0.wav
841,9fb766d0_nohash_0.wav
842,0a9f9af7_nohash_0.wav
842,6e2ef3d5_nohash_0.wav
842,af130f12_nohash_0.wav
842,e7ebf59c_nohash_1.wav
843,173e6bbf_nohash_1.wav
843,333784b7_nohash_0.wav
844,25c14394_nohash_0.wav
844,82305c3a_nohash_0.wav
844,a1cf7fd8_nohash_0.wav
845,02ade946_nohash_0.wav
845,26631bee_nohash_0.wav
845,c6ca5d01_nohash_0.wav
846,31f01a8d_nohash_0.wav
847,f33660af_nohash_0.wav
848,6366f61a_nohash_0.wav
848,919d3c0e_nohash_0.wav
848,c205e625_nohash_2.wav
848,ef2578c0_nohash_0.wav
849,529eda42_nohash_2.wav
849,6166ae21_nohash_0.wav
849,99a9b015_nohash_0.wav
850,460f2bad_nohash_1.wav
850,ab46af55_nohash_0.wav
850,c44d2a58_nohash_0.wav
850,eeaf97c3_nohash_0.wav
851,370844f7_nohash_0.wav
851,82b99576_nohash_0.wav
851,89f3ab7d_nohash_0.wav
851,ede2f4ee_nohash_1.wav
851,f618568f_nohash_2.wav
852,5184ed3e_nohash_0.wav
852,ad5aeec2_nohash_0.wav
853,03401e93_nohash_0.wav
853,9acd0254_nohash_0.wav
853,c68cf200_nohash_0.wav
853,d1a4fb3f_nohash_3.wav
853,f6581345_nohash_0.wav
854,10627519_nohash_0.wav
854,b59fe16d_nohash_2.wav
854,bfd26d6b_nohash_0.wav
855,999823db_nohash_0.wav
856,196e84b7_nohash_0.wav
856,e269bac0_nohash_0.wav
857,02e85b60_nohash_1.wav
857,211ccd2e_nohash_0.wav
857,4a294341_nohash_0.wav
857,5677ec77_nohash_1.wav
857,82e7204d_nohash_0.wav
857,c6ca5d01_nohash_1.wav
858,51eefcc6_nohash_2.wav
858,85b877b5_nohash_0.wav
858,b4ea0d9a_nohash_0.wav
858,b4ea0d9a_nohash_1.wav
858,bdd22e4d_nohash_0.wav
859,fffcabd1_nohash_0.wav
860,380abbad_nohash_0.wav
861,551e42e8_nohash_1.wav
861,8c888bbb_nohash_1.wav
861,b84f83d2_nohash_1.wav
861,c5c60d8d_nohash_1.wav
862,16db1582_nohash_2.wav
862,3c257192_nohash_0.wav
862,68dd409e_nohash_0.wav
862,b6e6aa2e_nohash_0.wav
862,c9b653a0_nohash_0.wav
862,f618568f_nohash_1.wav
863,4a294341_nohash_1.wav
863,5104f2f4_nohash_0.wav
863,8d4cdc60_nohash_0.wav
863,b63fea9e_nohash_0.wav
864,1a673010_nohash_0.wav
864,823353e5_nohash_1.wav
864,9886d8bf_nohash_0.wav
864,9f22307d_nohash_0.wav
864,b21f0fa4_nohash_0.wav
865,88053e92_nohash_0.wav
865,953fe1ad_nohash_0.wav
866,4abefdf5_nohash_0.wav
867,0e17f595_nohash_0.wav
867,dfb6450b_nohash_1.wav
868,1887fe04_nohash_0.wav
868,1df483c0_nohash_0.wav
868,44e9d8d2_nohash_0.wav
868,9e6bb505_nohash_0.wav
869,af30314d_nohash_0.wav
870,2d82a556_nohash_1.wav
870,2e7fac30_nohash_0.wav
870,44c201dd_nohash_0.wav
870,adc216c5_nohash_0.wav
870,f9af0887_nohash_0.wav
871,06a79a03_nohash_1.wav
872,bc999754_nohash_0.wav
873,08ab8082_nohash_0.wav
873,c948d727_nohash_0.wav
874,4249c833_nohash_0.wav
874,8f4c551f_nohash_0.wav
875,1fe4c891_nohash_0.wav
875,41777abb_nohash_0.wav
875,d78858d9_nohash_0.wav
876,a902ce9b_nohash_0.wav
876,edd8bfe3_nohash_0.wav
877,531a5b8a_nohash_0.wav
877,f1b35ace_nohash_0.wav
878,c205e625_nohash_1.wav
879,66774579_nohash_1.wav
879,7fb8d703_nohash_0.wav
879,93f30cc4_nohash_3.wav
879,9a8d8d34_nohash_1.wav
879,ad526ada_nohash_0.wav
880,ace072ba_nohash_0.wav
880,c08585c1_nohash_0.wav
881,1ba20be2_nohash_0.wav
881,2b42e7a2_nohash_0.wav
881,57de2379_nohash_0.wav
881,6f1ffef6_nohash_0.wav
881,937b433e_nohash_0.wav
881,9f63152b_nohash_0.wav
881,d1d3e64d_nohash_0.wav
882,c33682f0_nohash_0.wav
883,42beb5eb_nohash_0.wav
883,45692b02_nohash_0.wav
883,6a203e0e_nohash_0.wav
883,af30314d_nohash_1.wav
883,f216055e_nohash_0.wav
883,f5341341_nohash_0.wav
884,446a3161_nohash_0.wav
884,7799c9cd_nohash_0.wav
884,7e556a2c_nohash_0.wav
884,8601f33b_nohash_0.wav
884,e54a0f16_nohash_0.wav
885,1e31353f_nohash_1.wav
885,363c6bad_nohash_0.wav
885,9a8d8d34_nohash_0.wav
885,dce05676_nohash_0.wav
886,e3411931_nohash_0.wav
886,e6e29c47_nohash_1.wav
887,2589f361_nohash_0.wav
888,3dfd6c23_nohash_0.wav
888,a957fef5_nohash_0.wav
889,01bcfc0c_nohash_0.wav
889,3ca784ec_nohash_0.wav
889,b959cd0c_nohash_0.wav
889,cdbd6969_nohash_0.wav
889,d4082f3e_nohash_1.wav
890,7e556a2c_nohash_1.wav
890,f9f9751d_nohash_0.wav
892,30276d03_nohash_0.wav
894,07c5129e_nohash_0.wav
894,20a0d54b_nohash_0.wav
894,2dce72b3_nohash_0.wav
894,3a789a0d_nohash_0.wav
894,5c237956_nohash_0.wav
894,63996b7c_nohash_0.wav
896,042186b8_nohash_1.wav
896,c692524d_nohash_0.wav
896,de08912f_nohash_0.wav
897,1f653d27_nohash_0.wav
897,364f979f_nohash_0.wav
897,8e884ec4_nohash_0.wav
898,94403ad3_nohash_1.wav
898,e9a76b2f_nohash_0.wav
899,095847e4_nohash_0.wav
899,ab00c4b2_nohash_0.wav
899,b59fe16d_nohash_0.wav
899,c256377f_nohash_2.wav
900,38c30a4a_nohash_0.wav
900,a05a90c1_nohash_0.wav
900,b06c19b0_nohash_0.wav
901,126a31d2_nohash_0.wav
901,53458368_nohash_0.wav
901,8fe52b97_nohash_0.wav
903,b5aacf2c_nohash_0.wav
904,b0c0197e_nohash_1.wav
904,d5c41d6a_nohash_0.wav
904,e71b4ce6_nohash_0.wav
906,31267b59_nohash_0.wav
907,d952a17e_nohash_2.wav
908,2b42e7a2_nohash_2.wav
908,75915c90_nohash_0.wav
908,834f03fe_nohash_0.wav
908,9331d34b_nohash_0.wav
908,de6eb27c_nohash_0.wav
910,3d9200b9_nohash_0.wav
911,2bfe70ef_nohash_0.wav
911,a902ce9b_nohash_1.wav
912,7d5f87c8_nohash_0.wav
912,c9b5ff26_nohash_0.wav
913,69f609ec_nohash_0.wav
913,6f342826_nohash_0.wav
914,94403ad3_nohash_0.wav
914,e6e29c47_nohash_0.wav
915,8549f25d_nohash_0.wav
915,87014d40_nohash_1.wav
915,96d8bb6f_nohash_0.wav
915,acde7e73_nohash_0.wav
915,b6026214_nohash_0.wav
915,cae62f38_nohash_1.wav
916,1c3f50ad_nohash_0.wav
916,a84dee7b_nohash_1.wav
916,d33df435_nohash_1.wav
917,3d53244b_nohash_0.wav
917,d78858d9_nohash_2.wav
919,312b96ec_nohash_0.wav
920,1e31353f_nohash_0.wav
920,4c841771_nohash_0.wav
920,6a861f21_nohash_0.wav
920,efab2cbd_nohash_0.wav
921,380abbad_nohash_2.wav
921,67fcdb05_nohash_2.wav
921,6c9223bd_nohash_0.wav
921,d430b3cc_nohash_0.wav
921,d9aa8c90_nohash_0.wav
921,ef77b778_nohash_0.wav
922,0447d7c1_nohash_2.wav
922,1c6e5447_nohash_1.wav
922,7be9f58a_nohash_0.wav
922,f44f440f_nohash_0.wav
923,1942abd7_nohash_0.wav
923,71f9bba8_nohash_0.wav
924,211ccd2e_nohash_1.wav
924,a9b574b3_nohash_0.wav
924,beb49c22_nohash_2.wav
925,dfb6450b_nohash_0.wav
927,35c8fa78_nohash_0.wav
927,6889b21f_nohash_0.wav
927,823353e5_nohash_0.wav
927,856eb138_nohash_0.wav
927,adc216c5_nohash_1.wav
928,b2fbe484_nohash_1.wav
928,e882abb2_nohash_0.wav
929,c205e625_nohash_0.wav
929,d7a58714_nohash_0.wav
930,5be23def_nohash_0.wav
930,cce17a61_nohash_0.wav
930,d3d8fcd0_nohash_0.wav
931,2cec1d47_nohash_0.wav
931,6379c6a2_nohash_0.wav
931,81dc4a94_nohash_1.wav
931,bf8b8d9e_nohash_1.wav
931,f0522ff4_nohash_0.wav
932,4abb2400_nohash_0.wav
932,5c39594f_nohash_0.wav
932,8931f494_nohash_0.wav
934,012187a4_nohash_0.wav
935,2d3c8dcb_nohash_0.wav
935,c256377f_nohash_0.wav
936,3aa6f4e2_nohash_2.wav
936,66a412a7_nohash_0.wav
937,0c09f202_nohash_0.wav
937,37dca74f_nohash_0.wav
937,e7ea8b76_nohash_0.wav
938,c6ee87a7_nohash_0.wav
939,2e75d37a_nohash_0.wav
939,7c86c03e_nohash_0.wav
940,89f3ab7d_nohash_1.wav
940,cc2f1a85_nohash_1.wav
940,eb609143_nohash_0.wav
941,1a073312_nohash_0.wav
941,51055bda_nohash_0.wav
941,824e8ce5_nohash_0.wav
942,187af8be_nohash_0.wav
942,1e4064b8_nohash_0.wav
942,422f8cf1_nohash_0.wav
942,80fe1dc7_nohash_0.wav
942,dd6c6806_nohash_0.wav
943,b52bd596_nohash_0.wav
943,d1453a87_nohash_0.wav
944,ae71797c_nohash_0.wav
944,d33df435_nohash_0.wav
945,042186b8_nohash_0.wav
945,551e42e8_nohash_3.wav
945,a4baac4e_nohash_0.wav
946,d98dd124_nohash_0.wav
947,3ab9ba07_nohash_0.wav
947,5e3b7a84_nohash_1.wav
947,6f2f57c1_nohash_0.wav
948,2b42e7a2_nohash_1.wav
948,6b889021_nohash_0.wav
949,3ab9ba07_nohash_1.wav
949,3b8406c0_nohash_0.wav
949,6166ae21_nohash_1.wav
949,d0426d63_nohash_2.wav
950,07089da9_nohash_0.wav
950,b59fe16d_nohash_1.wav
951,529eda42_nohash_1.wav
951,833a0279_nohash_0.wav
953,beb49c22_nohash_0.wav
953,bf8d5617_nohash_0.wav
954,35d1b6ee_nohash_0.wav
954,7ff4fc72_nohash_0.wav
954,f47d644e_nohash_0.wav
955,10f2bb12_nohash_0.wav
955,b0c0197e_nohash_0.wav
955,b71ebf79_nohash_0.wav
956,bf8b8d9e_nohash_0.wav
957,3852fca2_nohash_0.wav
957,7bf801d1_nohash_1.wav
958,0c5027de_nohash_0.wav
959,7c83c5f6_nohash_0.wav
959,cce17a61_nohash_1.wav
960,20d779bf_nohash_0.wav
960,8335f893_nohash_0.wav
960,a60a09cf_nohash_0.wav
961,aac5b7c1_nohash_0.wav
961,fac7deca_nohash_0.wav
962,78884794_nohash_0.wav
963,42ccb57a_nohash_1.wav
963,a0a8d759_nohash_1.wav
963,f6617a86_nohash_1.wav
964,3006c271_nohash_0.wav
964,67fcdb05_nohash_0.wav
964,c39703ec_nohash_0.wav
966,1c6e5447_nohash_2.wav
966,51eefcc6_nohash_0.wav
966,5fe4a278_nohash_0.wav
966,c0e0f834_nohash_0.wav
967,c68cf200_nohash_1.wav
967,d874a786_nohash_1.wav
968,29fb33da_nohash_0.wav
968,3a69f765_nohash_0.wav
968,a16b3102_nohash_0.wav
968,f864cd4a_nohash_0.wav
969,c9a5100f_nohash_0.wav
970,529eda42_nohash_3.wav
970,b665723d_nohash_1.wav
970,b9cccd01_nohash_0.wav
971,24ed94ab_nohash_0.wav
971,617de221_nohash_0.wav
972,1b4c9b89_nohash_0.wav
972,6414258b_nohash_1.wav
972,8a1c449e_nohash_1.wav
973,ab5ae445_nohash_0.wav
974,cc2f1a85_nohash_0.wav
975,dd086776_nohash_1.wav
975,e62056e2_nohash_0.wav
976,e0c782d5_nohash_0.wav
976,ff63ab0b_nohash_1.wav
977,3a789a0d_nohash_1.wav
977,3a7d8872_nohash_0.wav
977,f9318c93_nohash_0.wav
978,5c237956_nohash_1.wav
978,ba676390_nohash_1.wav
978,d0426d63_nohash_1.wav
979,d874a786_nohash_0.wav
979,f4c77b26_nohash_1.wav
980,94e6864f_nohash_0.wav
980,e62056e2_nohash_1.wav
980,f1d36c53_nohash_0.wav
981,3ae5c04f_nohash_0.wav
982,4a803e67_nohash_0.wav
982,7fd25f7c_nohash_0.wav
982,f216055e_nohash_1.wav
982,f4c77b26_nohash_0.wav
984,1c6e5447_nohash_0.wav
984,e855b8f1_nohash_0.wav
985,8a744054_nohash_0.wav
985,fe11e258_nohash_0.wav
986,1942abd7_nohash_1.wav
986,ae92fa32_nohash_0.wav
987,019fa366_nohash_0.wav
987,6a203e0e_nohash_1.wav
987,a24cf51c_nohash_0.wav
988,14872d06_nohash_0.wav
988,34263ab3_nohash_0.wav
988,3cbd76a3_nohash_0.wav
988,62581901_nohash_0.wav
988,7cbf645a_nohash_0.wav
988,a6f2fd71_nohash_0.wav
990,1c3f4fac_nohash_0.wav
990,a24cf51c_nohash_1.wav
991,a8cf01bc_nohash_0.wav
991,b7016c27_nohash_0.wav
992,299c14b1_nohash_0.wav
992,a1a59b72_nohash_0.wav
993,3eb8764c_nohash_0.wav
993,66aa0f29_nohash_0.wav
993,745a8e32_nohash_0.wav
994,5de3f6cc_nohash_0.wav
995,41474817_nohash_0.wav
995,821b64cc_nohash_0.wav
995,9e2ce5e3_nohash_0.wav
996,030ec18b_nohash_2.wav
996,75915c90_nohash_1.wav
997,022cd682_nohash_0.wav
997,4def68db_nohash_0.wav
997,b843de62_nohash_1.wav
1000,1b835b87_nohash_0.wav
1000,435f9f9e_nohash_1.wav
1000,462dca36_nohash_0.wav
1000,c1eebc0b_nohash_0.wav
1000,f953e1af_nohash_0.wav
1001,0c40e715_nohash_0.wav
1001,21832144_nohash_0.wav
1001,38c388bc_nohash_0.wav
1001,4f256313_nohash_0.wav
1001,ab5ae445_nohash_1.wav
1002,8a90cf67_nohash_0.wav
1003,4c6944d6_nohash_0.wav
1003,4c6944d6_nohash_1.wav
1003,553f1a79_nohash_0.wav
1003,bbc30633_nohash_0.wav
1005,ac4b3fc3_nohash_0.wav
1005,bf8d5617_nohash_1.wav
1006,f6617a86_nohash_0.wav
1008,1f3bece8_nohash_0.wav
1009,529eda42_nohash_0.wav
1010,3565ca83_nohash_0.wav
1011,0447d7c1_nohash_1.wav
1013,a5d485dc_nohash_0.wav
1014,8a28231e_nohash_0.wav
1015,c98bbbd3_nohash_0.wav
1015,d952a17e_nohash_0.wav
1016,b36c27c2_nohash_1.wav
1016,e0322f2c_nohash_0.wav
1017,8ed25ef8_nohash_0.wav
1017,a0a8d759_nohash_0.wav
1019,7bf801d1_nohash_0.wav
1019,c08e5058_nohash_0.wav
1020,25132942_nohash_0.wav
1020,2c6d3924_nohash_0.wav
1020,840c366d_nohash_1.wav
1021,f618568f_nohash_0.wav
1022,06a79a03_nohash_0.wav
1022,b843de62_nohash_0.wav
1023,96d5276f_nohash_0.wav
1023,9d050657_nohash_1.wav
1024,0447d7c1_nohash_0.wav
1024,c0e3ff37_nohash_0.wav
1025,3852fca2_nohash_1.wav
1025,3aa6f4e2_nohash_0.wav
1026,2df590cd_nohash_0.wav
1026,b4bef564_nohash_1.wav
1028,5525ff66_nohash_0.wav
1029,44715c1c_nohash_0.wav
1029,66a412a7_nohash_1.wav
1030,3eb8764c_nohash_1.wav
1031,0227998e_nohash_0.wav
1031,9ff2d2f4_nohash_0.wav
1031,c4533c47_nohash_0.wav
1031,f3957e23_nohash_0.wav
1032,8625475c_nohash_2.wav
1032,a95dbfd4_nohash_0.wav
1035,1b835b87_nohash_1.wav
1035,4f256313_nohash_1.wav
1035,fc2411fe_nohash_1.wav
1036,3b8406c0_nohash_1.wav
1036,dd664d92_nohash_0.wav
1037,030ec18b_nohash_0.wav
1037,1ffd513b_nohash_0.wav
1037,73af0c50_nohash_0.wav
1037,d57febf0_nohash_0.wav
1039,692a88e6_nohash_0.wav
1039,ae82c78c_nohash_0.wav
1040,7e6bd776_nohash_0.wav
1043,0d6d7360_nohash_0.wav
1043,4954abe8_nohash_3.wav
1043,626e323f_nohash_0.wav
1044,a108341b_nohash_0.wav
1045,1f3e4139_nohash_0.wav
1045,3777c08e_nohash_1.wav
1045,8a1c449e_nohash_0.wav
1046,51eefcc6_nohash_1.wav
1046,5aac2efa_nohash_1.wav
1047,7a5530c9_nohash_1.wav
1047,7e4fa1d8_nohash_0.wav
1047,bfbd0e6b_nohash_1.wav
1049,bfbd0e6b_nohash_0.wav
1050,435f9f9e_nohash_0.wav
1051,61abbf52_nohash_0.wav
1052,6414258b_nohash_0.wav
1052,b0bad4a9_nohash_0.wav
1056,c0e0f834_nohash_1.wav
1057,a60a09cf_nohash_1.wav
1058,41285056_nohash_1.wav
1058,67fcdb05_nohash_1.wav
1058,b36c27c2_nohash_0.wav
1058,e48a80ed_nohash_1.wav
1059,409c962a_nohash_0.wav
1059,533c6564_nohash_0.wav
1059,b665723d_nohash_0.wav
1060,43f57297_nohash_0.wav
1062,14872d06_nohash_1.wav
1062,531a5b8a_nohash_2.wav
1063,2e0d80f7_nohash_1.wav
1064,2144be19_nohash_0.wav
1065,3777c08e_nohash_0.wav
1065,4634529e_nohash_0.wav
1066,745a8e32_nohash_1.wav
1066,ab71c9a7_nohash_0.wav
1067,3477fab6_nohash_0.wav
1068,b36c27c2_nohash_2.wav
1069,434a267c_nohash_0.wav
1071,64f83f0e_nohash_0.wav
1071,eb6dab4a_nohash_1.wav
1072,f632210f_nohash_0.wav
1073,c22d3f18_nohash_0.wav
1074,bd8412df_nohash_0.wav
1074,f7b43563_nohash_0.wav
1074,fc2411fe_nohash_0.wav
1075,4ca37738_nohash_0.wav
1075,fb24c826_nohash_0.wav
1077,8c7f81df_nohash_0.wav
1077,f3210686_nohash_0.wav
1078,3837f3f3_nohash_0.wav
1079,89d6d11e_nohash_0.wav
1079,a527cb3c_nohash_0.wav
1080,fa44fcf5_nohash_0.wav
1082,b8b8cb52_nohash_0.wav
1082,e48a80ed_nohash_0.wav
1083,19b05529_nohash_0.wav
1083,fad7a69a_nohash_0.wav
1084,94e6864f_nohash_1.wav
1085,708b8d51_nohash_1.wav
1086,87014d40_nohash_0.wav
1088,1ffd513b_nohash_1.wav
1088,30065f33_nohash_2.wav
1089,28ef2a01_nohash_0.wav
1089,a4effc43_nohash_0.wav
1089,a518d1cf_nohash_1.wav
1090,7464b22e_nohash_0.wav
1090,84d1e469_nohash_0.wav
1090,8f0d3c27_nohash_0.wav
1091,258f4559_nohash_0.wav
1091,a527cb3c_nohash_1.wav
1091,c842b5e4_nohash_0.wav
1091,f7879738_nohash_0.wav
1092,3411cf4b_nohash_1.wav
1092,4c841771_nohash_1.wav
1092,7c9b43f0_nohash_0.wav
1092,7cb5c0b7_nohash_0.wav
1093,881583a6_nohash_1.wav
1094,eb6dab4a_nohash_0.wav
1096,708b8d51_nohash_0.wav
1098,37d38e44_nohash_0.wav
1098,ff63ab0b_nohash_0.wav
1099,becd5a53_nohash_0.wav
1099,d8ee4734_nohash_1.wav
1100,5aac2efa_nohash_0.wav
1100,d8ee4734_nohash_0.wav
1101,215699ff_nohash_1.wav
1102,f297e878_nohash_2.wav
1104,5ba724a7_nohash_0.wav
1105,0d53e045_nohash_1.wav
1106,02e85b60_nohash_0.wav
1106,2f0a410b_nohash_0.wav
1107,21e8c417_nohash_1.wav
1107,c103a2d5_nohash_1.wav
1108,c93d5e22_nohash_0.wav
1109,708b8d51_nohash_2.wav
1111,42ccb57a_nohash_0.wav
1112,5ba724a7_nohash_1.wav
1112,fad7a69a_nohash_1.wav
1113,035de8fe_nohash_0.wav
1113,bde0f20a_nohash_0.wav
1114,2d82a556_nohash_0.wav
1114,c0c701f1_nohash_0.wav
1115,38d78313_nohash_0.wav
1116,152491bc_nohash_0.wav
1116,1ed557b9_nohash_0.wav
1116,2579e514_nohash_0.wav
1116,c7aa72e6_nohash_0.wav
1117,c103a2d5_nohash_0.wav
1117,dc2222d7_nohash_0.wav
1118,4954abe8_nohash_0.wav
1119,881583a6_nohash_0.wav
1120,948867e7_nohash_0.wav
1120,f42e234b_nohash_0.wav
1121,434a267c_nohash_2.wav
1121,e0344f60_nohash_0.wav
1122,fc94edb0_nohash_0.wav
1123,2e0d80f7_nohash_0.wav
1123,beb49c22_nohash_1.wav
1124,881583a6_nohash_2.wav
1125,d98f6043_nohash_0.wav
1126,1e9b215e_nohash_0.wav
1126,d0426d63_nohash_0.wav
1128,8a194ee6_nohash_1.wav
1129,f810e799_nohash_0.wav
1130,67961766_nohash_0.wav
1132,0d53e045_nohash_0.wav
1132,bfbd0e6b_nohash_2.wav
1132,facd97c0_nohash_0.wav
1133,4a0e2c16_nohash_0.wav
1134,03c96658_nohash_0.wav
1135,42beb5eb_nohash_1.wav
1137,74241b28_nohash_0.wav
1137,f3d06008_nohash_0.wav
1138,da2c5f1b_nohash_0.wav
1138,e55a2b20_nohash_0.wav
1140,4954abe8_nohash_2.wav
1140,8c7f81df_nohash_1.wav
1140,ae82c78c_nohash_1.wav
1140,f2e59fea_nohash_0.wav
1141,30f6e665_nohash_0.wav
1141,93cf902e_nohash_0.wav
1144,65ec06e5_nohash_0.wav
1145,4fd4d073_nohash_0.wav
1146,3250c035_nohash_0.wav
1146,f5626af6_nohash_0.wav
1147,ac9dee0e_nohash_0.wav
1149,90b0b91a_nohash_0.wav
1149,a518d1cf_nohash_0.wav
1151,531a5b8a_nohash_1.wav
1154,16fce7de_nohash_0.wav
1156,1657c9fa_nohash_0.wav
1156,afd53389_nohash_0.wav
1157,030ec18b_nohash_1.wav
1157,258f4559_nohash_1.wav
1157,c256377f_nohash_1.wav
1159,24b82192_nohash_0.wav
1160,5f1253e9_nohash_0.wav
1161,023a61ad_nohash_0.wav
1161,18c54a68_nohash_0.wav
1162,037c445a_nohash_0.wav
1162,30a09789_nohash_0.wav
1162,62b7c848_nohash_0.wav
1162,b0f24c9b_nohash_0.wav
1164,31267b59_nohash_1.wav
1164,c6389ab0_nohash_1.wav
1165,4e6902d0_nohash_0.wav
1165,5e3b7a84_nohash_0.wav
1166,d94eb94f_nohash_0.wav
1166,fafe8101_nohash_0.wav
1167,93f30cc4_nohash_1.wav
1170,d3badc9a_nohash_0.wav
1172,ba676390_nohash_0.wav
1173,39b5fdab_nohash_0.wav
1173,8a194ee6_nohash_0.wav
1174,ba59cab3_nohash_0.wav
1174,dce05676_nohash_1.wav
1175,2aa787cf_nohash_0.wav
1176,31fd5cf5_nohash_0.wav
1176,8b367d88_nohash_1.wav
1179,3411cf4b_nohash_0.wav
1179,7a5530c9_nohash_0.wav
1180,327289eb_nohash_0.wav
1181,bad64eac_nohash_0.wav
1184,6d818f6c_nohash_0.wav
1184,b00dff7e_nohash_0.wav
1185,3209ec42_nohash_0.wav
1186,9f6fbdb4_nohash_0.wav
1187,0ac15fe9_nohash_0.wav
1188,13199b79_nohash_0.wav
1189,00b01445_nohash_0.wav
1189,10467b06_nohash_1.wav
1189,619b5164_nohash_1.wav
1191,64220627_nohash_0.wav
1196,3209ec42_nohash_1.wav
1197,1c45ceb2_nohash_0.wav
1198,c7e02d9c_nohash_0.wav
1199,645ed69d_nohash_0.wav
1199,edc53350_nohash_0.wav
1207,f4f59743_nohash_0.wav
1208,a108341b_nohash_1.wav
1209,742d6431_nohash_0.wav
1210,619b5164_nohash_0.wav
1210,8ea22de7_nohash_2.wav
1211,37a3cd33_nohash_1.wav
1212,fb8c31a9_nohash_0.wav
1213,f4504600_nohash_0.wav
1215,30065f33_nohash_0.wav
1216,4954abe8_nohash_1.wav
1216,638548d5_nohash_0.wav
1216,e7d0eb3f_nohash_0.wav
1219,55d3725a_nohash_0.wav
1226,7d6b4b10_nohash_0.wav
1229,62ef962d_nohash_0.wav
1230,215699ff_nohash_0.wav
1231,2fee065a_nohash_0.wav
1233,16fce7de_nohash_1.wav
1234,2e0d80f7_nohash_2.wav
1234,fa44fcf5_nohash_1.wav
1237,2197f41c_nohash_0.wav
1240,3250c035_nohash_1.wav
1240,9d050657_nohash_0.wav
1242,30065f33_nohash_1.wav
1244,47d01978_nohash_0.wav
1245,09ddc105_nohash_0.wav
1245,cd911ace_nohash_0.wav
1252,8c0e5970_nohash_0.wav
1259,10467b06_nohash_0.wav
1266,87070229_nohash_0.wav
1267,8625475c_nohash_0.wav
1271,d9ae8983_nohash_0.wav
1272,3dfd6c23_nohash_1.wav
1272,50a8ef27_nohash_0.wav
1274,71aa5b54_nohash_0.wav
1275,8ea22de7_nohash_0.wav
1276,c84f9b5c_nohash_0.wav
1277,8625475c_nohash_1.wav
1278,7c75a504_nohash_0.wav
1279,8ea22de7_nohash_1.wav
1282,a243fcc2_nohash_0.wav
1283,434a267c_nohash_1.wav
1283,6889b21f_nohash_1.wav
1285,b4bef564_nohash_0.wav
1291,c103a2d5_nohash_2.wav
1292,8ea22de7_nohash_3.wav
1293,67961766_nohash_2.wav
1293,f8ad3941_nohash_0.wav
1294,1dce06e8_nohash_0.wav
1294,be7fa0a3_nohash_0.wav
1298,257e17e0_nohash_0.wav
1302,0397ecda_nohash_0.wav
1306,7c75a504_nohash_2.wav
1307,be7fa0a3_nohash_1.wav
1311,c6389ab0_nohash_0.wav
1313,8b367d88_nohash_0.wav
1318,45864319_nohash_0.wav
1324,90804775_nohash_0.wav
1326,22aa3665_nohash_0.wav
1331,6b7d5101_nohash_0.wav
1332,6640fdc0_nohash_0.wav
1333,459345ea_nohash_0.wav
1334,4d4e17f5_nohash_0.wav
1336,257e17e0_nohash_1.wav
1340,1365dd89_nohash_0.wav
1353,4a4e28f1_nohash_0.wav
1358,0b40aa8e_nohash_0.wav
1366,00b01445_nohash_1.wav
1370,6f2c6f7e_nohash_0.wav
1383,4c594e0f_nohash_0.wav
1385,4290ca61_nohash_0.wav
1385,53578f4e_nohash_0.wav
1387,c1b7c224_nohash_1.wav
1390,105e72bb_nohash_0.wav
1407,b6d11c9b_nohash_0.wav
1412,21e8c417_nohash_0.wav
1417,cd85758f_nohash_0.wav
1418,ab5d7179_nohash_0.wav
1422,4d4e17f5_nohash_1.wav
1431,6f689791_nohash_0.wav
1432,574ec766_nohash_1.wav
1434,0f7266cf_nohash_0.wav
1439,37a3cd33_nohash_0.wav
1443,15f04ff8_nohash_0.wav
1454,c4500713_nohash_1.wav
1458,5236848b_nohash_1.wav
1471,19785c4e_nohash_0.wav
1475,6f689791_nohash_1.wav
1476,0f2442b6_nohash_0.wav
1476,7e843da8_nohash_0.wav
1488,c1b7c224_nohash_0.wav
1505,13a93b33_nohash_0.wav
1506,e5dadd24_nohash_1.wav
1539,c4500713_nohash_0.wav
1540,b1df80c0_nohash_0.wav
1555,55d3725a_nohash_1.wav
1559,0c2ca723_nohash_0.wav
1566,5236848b_nohash_0.wav
1574,6794a793_nohash_0.wav
1584,1746d7b6_nohash_0.wav
1585,e5d2e09d_nohash_0.wav
1614,ba59cab3_nohash_1.wav
1629,90645155_nohash_0.wav
1636,d486fb84_nohash_0.wav
1660,d486fb84_nohash_1.wav
1662,24ad3ebe_nohash_3.wav
1670,42e3f068_nohash_0.wav
1670,e5c48e53_nohash_0.wav
1683,7c75a504_nohash_1.wav
1769,24ad3ebe_nohash_2.wav
1885,0bfec55f_nohash_0.wav
1951,24ad3ebe_nohash_1.wav
1970,339f2c5c_nohash_0.wav
2094,b7e9f841_nohash_0.wav
2151,a489191a_nohash_0.wav
2288,9a69672b_nohash_0.wav
2660,763188c4_nohash_0.wav
2980,e5dadd24_nohash_0.wav
